{"type":"FeatureCollection", "features": [
{"type":"Feature","geometry":{"type":"Polygon","coordinates":[[[-85.2259,35.3543],[-85.246,35.3191],[-85.2589,35.304],[-85.2821,35.2757],[-85.3721,35.1652],[-85.3871,35.1472],[-85.3857,35.1368],[-85.3922,35.1194],[-85.3958,35.1056],[-85.3833,35.1057],[-85.373,35.1001],[-85.3675,35.095],[-85.3672,35.0909],[-85.362,35.0878],[-85.3664,35.0695],[-85.3781,35.0557],[-85.3823,35.0447],[-85.3926,35.0391],[-85.3976,35.0418],[-85.4052,35.0421],[-85.4096,35.0402],[-85.4158,35.0281],[-85.419,35.0279],[-85.4182,35.0202],[-85.421,35.0137],[-85.4278,35.0067],[-85.4354,35.0023],[-85.4431,35.0002],[-85.4435,34.9971],[-85.4527,34.9966],[-85.4741,34.983],[-85.3795,34.983],[-85.287,34.9849],[-85.1752,34.986],[-85.1398,34.9864],[-85.065,34.9866],[-84.977,34.9877],[-84.9612,35.0152],[-84.9939,35.0349],[-85.0015,35.0457],[-84.9945,35.0589],[-85.0023,35.0619],[-84.9952,35.0752],[-85.0067,35.0794],[-85.0099,35.0838],[-85.0075,35.0878],[-85.0103,35.1008],[-85.0236,35.1251],[-85.0262,35.1274],[-85.0266,35.1362],[-85.024,35.1488],[-85.0166,35.1512],[-85.0096,35.1579],[-85.0054,35.1741],[-85.0094,35.1755],[-85.0087,35.1837],[-85.0032,35.1961],[-84.9989,35.2031],[-84.9947,35.2018],[-84.9878,35.2121],[-84.9809,35.2198],[-84.9762,35.234],[-84.9698,35.2451],[-84.9621,35.2529],[-84.9664,35.26],[-84.9646,35.2632],[-84.9538,35.2713],[-84.9513,35.2791],[-84.9423,35.2822],[-84.9463,35.2877],[-84.9482,35.2913],[-84.9574,35.2998],[-84.9641,35.3103],[-84.9666,35.3212],[-84.9717,35.3305],[-84.9712,35.3396],[-84.9763,35.3473],[-84.9753,35.3579],[-84.9799,35.3628],[-84.9928,35.3688],[-85.0005,35.3804],[-85.0084,35.3833],[-85.0152,35.3719],[-85.0313,35.3795],[-85.0281,35.397],[-85.0247,35.4029],[-85.0163,35.4093],[-85.0671,35.4368],[-85.0738,35.4295],[-85.082,35.4311],[-85.0872,35.4346],[-85.0911,35.4321],[-85.1011,35.4294],[-85.1064,35.4321],[-85.1107,35.4372],[-85.1033,35.4455],[-85.1096,35.4503],[-85.1117,35.457],[-85.12,35.4581],[-85.1352,35.4587],[-85.1488,35.4456],[-85.1631,35.4489],[-85.1683,35.4556],[-85.1841,35.4282],[-85.196,35.4035],[-85.2259,35.3543]]]},"properties":{"NAME":"Hamilton","NAMELSAD":"Hamilton County","GEOID":"47065"}},
{"type":"Feature","geometry":{"type":"Polygon","coordinates":[[[-85.3871,35.1472],[-85.3883,35.1588],[-85.3949,35.1673],[-85.3935,35.1737],[-85.3883,35.1804],[-85.3931,35.1877],[-85.3959,35.1957],[-85.3914,35.2014],[-85.3979,35.2096],[-85.4038,35.224],[-85.4078,35.2257],[-85.4307,35.2481],[-85.4335,35.2524],[-85.4392,35.2534],[-85.4441,35.2627],[-85.4527,35.2656],[-85.4691,35.2694],[-85.4756,35.2684],[-85.4926,35.2742],[-85.4945,35.2799],[-85.5568,35.3083],[-85.5586,35.3193],[-85.5601,35.3187],[-85.633,35.3037],[-85.6454,35.302],[-85.6517,35.3025],[-85.6555,35.3056],[-85.6725,35.2983],[-85.6715,35.2949],[-85.6863,35.2891],[-85.6904,35.2861],[-85.7004,35.2911],[-85.7094,35.2893],[-85.6936,35.2393],[-85.7401,35.2153],[-85.75,35.2159],[-85.7735,35.2187],[-85.7851,35.2226],[-85.8224,35.2422],[-85.8285,35.2398],[-85.8451,35.2411],[-85.8517,35.2378],[-85.8583,35.2311],[-85.873,35.2234],[-85.873,35.2204],[-85.8633,35.2203],[-85.8633,35.1712],[-85.8638,35.1156],[-85.8634,35.0115],[-85.8639,34.9883],[-85.8288,34.9881],[-85.75,34.9871],[-85.625,34.9852],[-85.6052,34.9847],[-85.4741,34.983],[-85.4527,34.9966],[-85.4435,34.9971],[-85.4431,35.0002],[-85.4354,35.0023],[-85.4278,35.0067],[-85.421,35.0137],[-85.4182,35.0202],[-85.419,35.0279],[-85.4158,35.0281],[-85.4096,35.0402],[-85.4052,35.0421],[-85.3976,35.0418],[-85.3926,35.0391],[-85.3823,35.0447],[-85.3781,35.0557],[-85.3664,35.0695],[-85.362,35.0878],[-85.3672,35.0909],[-85.3675,35.095],[-85.373,35.1001],[-85.3833,35.1057],[-85.3958,35.1056],[-85.3922,35.1194],[-85.3857,35.1368],[-85.3871,35.1472]]]},"properties":{"NAME":"Marion","NAMELSAD":"Marion County","GEOID":"47115"}},
{"type":"Feature","geometry":{"type":"MultiPolygon","coordinates":[[[[-85.6446,36.0151],[-85.6407,36.0081],[-85.6442,36.0022],[-85.6466,35.9887],[-85.6629,35.9715],[-85.6626,35.9491],[-85.6544,35.9267],[-85.6587,35.9163],[-85.6517,35.9139],[-85.6517,35.9047],[-85.647,35.9022],[-85.6482,35.8982],[-85.6585,35.8916],[-85.667,35.8888],[-85.6681,35.8837],[-85.6532,35.8862],[-85.6449,35.8895],[-85.6375,35.8881],[-85.6373,35.8818],[-85.6468,35.8751],[-85.653,35.8689],[-85.6659,35.8619],[-85.6728,35.8565],[-85.6692,35.8494],[-85.6609,35.8491],[-85.6482,35.8539],[-85.6348,35.8539],[-85.6325,35.8474],[-85.6449,35.8385],[-85.6538,35.8279],[-85.6589,35.8259],[-85.6649,35.8265],[-85.6711,35.8314],[-85.6775,35.8336],[-85.6821,35.8313],[-85.6826,35.8273],[-85.6714,35.8207],[-85.6531,35.8164],[-85.6417,35.8167],[-85.6357,35.8134],[-85.6348,35.8086],[-85.6222,35.8018],[-85.6154,35.8017],[-85.6108,35.8046],[-85.6029,35.795],[-85.5973,35.7964],[-85.6015,35.8043],[-85.5884,35.8023],[-85.5844,35.8068],[-85.5716,35.8066],[-85.5596,35.7986],[-85.5534,35.7959],[-85.5454,35.8009],[-85.5421,35.7972],[-85.535,35.7994],[-85.5241,35.7915],[-85.5216,35.8014],[-85.5266,35.8073],[-85.5188,35.8152],[-85.5126,35.815],[-85.5051,35.8113],[-85.4994,35.8065],[-85.495,35.813],[-85.4882,35.8149],[-85.4742,35.8227],[-85.47,35.8161],[-85.463,35.8222],[-85.4553,35.8205],[-85.4494,35.8216],[-85.4395,35.8159],[-85.4337,35.8186],[-85.429,35.8182],[-85.4205,35.814],[-85.375,35.7998],[-85.3623,35.7968],[-85.2771,35.8188],[-85.2651,35.8222],[-85.2719,35.8121],[-85.2767,35.81],[-85.2761,35.7991],[-85.2681,35.7964],[-85.2694,35.7934],[-85.263,35.7905],[-85.2604,35.8],[-85.2484,35.7988],[-85.2474,35.81],[-85.2414,35.8095],[-85.228,35.8561],[-85.2225,35.8774],[-85.2316,35.8932],[-85.2248,35.8932],[-85.2239,35.8997],[-85.2145,35.899],[-85.2131,35.9104],[-85.2427,35.913],[-85.2496,35.9328],[-85.2655,35.9658],[-85.2642,35.9792],[-85.3113,35.993],[-85.3117,36.0226],[-85.3094,36.0316],[-85.3254,36.0331],[-85.3263,36.0302],[-85.3566,36.0459],[-85.3726,36.0498],[-85.375,36.0524],[-85.3906,36.0539],[-85.4376,36.0653],[-85.499,36.0804],[-85.5077,36.082],[-85.5454,36.0778],[-85.5522,36.0729],[-85.5605,36.0735],[-85.5703,36.0588],[-85.5775,36.0625],[-85.5828,36.0602],[-85.5843,36.0554],[-85.5821,36.0502],[-85.5838,36.045],[-85.5902,36.0415],[-85.5983,36.0418],[-85.6096,36.0461],[-85.6185,36.0409],[-85.622,36.0335],[-85.6433,36.0242],[-85.6446,36.0151]]],[[[-85.2727,35.7877],[-85.2739,35.7837],[-85.2691,35.7805],[-85.259,35.7772],[-85.2578,35.7715],[-85.2535,35.7669],[-85.2478,35.7867],[-85.2575,35.7872],[-85.2604,35.7826],[-85.2727,35.7877]]]]},"properties":{"NAME":"White","NAMELSAD":"White County","GEOID":"47185"}},
{"type":"Feature","geometry":{"type":"Polygon","coordinates":[[[-84.9078,36.1563],[-84.8975,36.1472],[-84.8835,36.1451],[-84.8773,36.1383],[-84.8709,36.1369],[-84.8626,36.125],[-84.8324,36.084],[-84.8281,36.0863],[-84.8261,36.0929],[-84.8192,36.0954],[-84.8142,36.0934],[-84.8113,36.0871],[-84.8049,36.0886],[-84.7921,36.0595],[-84.7207,35.9949],[-84.6806,35.9085],[-84.6728,35.9128],[-84.6704,35.9176],[-84.6618,35.9158],[-84.6567,35.9195],[-84.6511,35.9286],[-84.6431,35.9273],[-84.6386,35.9315],[-84.634,35.9302],[-84.6289,35.9335],[-84.6201,35.9323],[-84.6156,35.9407],[-84.6067,35.9438],[-84.6067,35.9512],[-84.6035,35.9541],[-84.5956,35.9496],[-84.5883,35.9473],[-84.5807,35.9516],[-84.5754,35.9499],[-84.555,35.9504],[-84.5558,35.9609],[-84.554,35.9645],[-84.5457,35.9689],[-84.5262,35.9745],[-84.5095,35.9777],[-84.4872,35.9852],[-84.4678,35.9836],[-84.4606,35.9854],[-84.4566,35.9841],[-84.4461,35.986],[-84.4343,35.9937],[-84.4114,36.0053],[-84.3956,36.017],[-84.3826,36.0243],[-84.3649,36.0411],[-84.346,36.0491],[-84.3418,36.049],[-84.3611,36.07],[-84.379,36.0954],[-84.3932,36.1005],[-84.395,36.1044],[-84.406,36.1036],[-84.4164,36.1083],[-84.4204,36.1084],[-84.4255,36.1251],[-84.43,36.1319],[-84.4421,36.1355],[-84.449,36.1396],[-84.4499,36.1511],[-84.4453,36.1519],[-84.4408,36.156],[-84.441,36.1635],[-84.4466,36.173],[-84.4591,36.1816],[-84.4586,36.1894],[-84.4681,36.1917],[-84.4722,36.1984],[-84.471,36.2038],[-84.533,36.2263],[-84.5524,36.2338],[-84.5556,36.2282],[-84.5639,36.2262],[-84.5738,36.2301],[-84.5687,36.2371],[-84.5717,36.2504],[-84.573,36.2666],[-84.5873,36.2667],[-84.5918,36.2763],[-84.6019,36.275],[-84.611,36.2704],[-84.6249,36.285],[-84.7008,36.3708],[-84.709,36.3683],[-84.7187,36.3747],[-84.7248,36.3762],[-84.7234,36.3698],[-84.7291,36.3693],[-84.7325,36.3663],[-84.7327,36.3588],[-84.7277,36.3545],[-84.7325,36.3505],[-84.7424,36.354],[-84.7429,36.343],[-84.7397,36.3379],[-84.75,36.3322],[-84.7552,36.3347],[-84.762,36.3285],[-84.7685,36.3335],[-84.7748,36.3337],[-84.7785,36.3267],[-84.7859,36.3258],[-84.782,36.3197],[-84.7897,36.3172],[-84.7953,36.3079],[-84.7917,36.3031],[-84.7979,36.2969],[-84.8056,36.2969],[-84.8143,36.2933],[-84.8222,36.2995],[-84.8301,36.2956],[-84.8332,36.2919],[-84.8429,36.287],[-84.8556,36.2937],[-84.8585,36.2918],[-84.8661,36.2929],[-84.8752,36.2856],[-84.8786,36.2802],[-84.8761,36.2692],[-84.8818,36.2622],[-84.8848,36.2493],[-84.8838,36.2392],[-84.8906,36.2397],[-84.8923,36.2328],[-84.8974,36.2241],[-84.902,36.2237],[-84.9039,36.217],[-84.9142,36.2083],[-84.9114,36.1981],[-84.9105,36.1864],[-84.9042,36.1838],[-84.8998,36.1727],[-84.905,36.167],[-84.9052,36.1593],[-84.9078,36.1563]]]},"properties":{"NAME":"Morgan","NAMELSAD":"Morgan County","GEOID":"47129"}},
{"type":"Feature","geometry":{"type":"Polygon","coordinates":[[[-84.2613,36.5918],[-84.2617,36.5723],[-84.2637,36.5667],[-84.2492,36.5647],[-84.2522,36.5558],[-84.2493,36.5498],[-84.2527,36.5455],[-84.2511,36.5342],[-84.2525,36.5302],[-84.2603,36.5269],[-84.2581,36.522],[-84.2596,36.514],[-84.2638,36.511],[-84.2714,36.5117],[-84.2822,36.505],[-84.2865,36.5039],[-84.295,36.5069],[-84.3131,36.5057],[-84.3253,36.5094],[-84.3304,36.5095],[-84.3294,36.5037],[-84.3396,36.4985],[-84.3346,36.4932],[-84.3385,36.4882],[-84.3366,36.4847],[-84.339,36.4805],[-84.3375,36.4759],[-84.3415,36.4719],[-84.3413,36.4656],[-84.3499,36.4663],[-84.3539,36.4635],[-84.3558,36.4567],[-84.3491,36.4539],[-84.3464,36.4503],[-84.3437,36.4409],[-84.3462,36.4384],[-84.3447,36.4157],[-84.3366,36.4117],[-84.3274,36.4031],[-84.3225,36.3931],[-84.3121,36.3846],[-84.3143,36.3825],[-84.3249,36.3909],[-84.3344,36.3881],[-84.3335,36.3729],[-84.3288,36.3674],[-84.3331,36.3644],[-84.3299,36.2851],[-84.3339,36.278],[-84.3454,36.2777],[-84.3623,36.2716],[-84.3645,36.2683],[-84.3714,36.2659],[-84.3761,36.2601],[-84.3765,36.2523],[-84.3739,36.246],[-84.3757,36.2381],[-84.3687,36.2286],[-84.3727,36.2241],[-84.3727,36.2168],[-84.3657,36.2125],[-84.3467,36.2151],[-84.3263,36.2086],[-84.323,36.2136],[-84.3097,36.2161],[-84.3014,36.221],[-84.291,36.2153],[-84.2854,36.2076],[-84.2745,36.2019],[-84.2714,36.1961],[-84.2641,36.1882],[-84.2581,36.1899],[-84.2516,36.1829],[-84.243,36.179],[-84.2373,36.1785],[-84.2303,36.1821],[-84.2287,36.1874],[-84.2315,36.1918],[-84.2297,36.2017],[-84.2342,36.2084],[-84.2325,36.2146],[-84.2263,36.2165],[-84.2256,36.2196],[-84.2293,36.2256],[-84.2275,36.2329],[-84.2275,36.2449],[-84.1829,36.2397],[-84.1708,36.2402],[-84.1611,36.2375],[-84.1503,36.2374],[-84.142,36.2349],[-84.1222,36.2337],[-84.1104,36.2339],[-84.1041,36.2317],[-84.1027,36.2244],[-84.0928,36.2224],[-84.0915,36.2293],[-84.0834,36.2295],[-84.0768,36.2277],[-84.0696,36.231],[-84.0698,36.2367],[-84.0759,36.2419],[-84.076,36.2479],[-84.0721,36.2523],[-84.0631,36.247],[-84.0571,36.2506],[-84.0583,36.256],[-84.0554,36.2637],[-84.0414,36.2753],[-84.042,36.2826],[-84.0356,36.288],[-84.033,36.2938],[-84.0376,36.2991],[-84.0325,36.3018],[-84.0285,36.2996],[-84.0257,36.2937],[-84.0259,36.2793],[-84.0215,36.2723],[-84.0109,36.2722],[-84.0043,36.2704],[-84.0007,36.2717],[-83.9993,36.2814],[-83.9927,36.2837],[-83.9857,36.2815],[-83.9831,36.2892],[-83.974,36.2983],[-83.9779,36.3057],[-83.974,36.3064],[-83.9716,36.3287],[-83.9699,36.3334],[-83.9714,36.3426],[-83.9698,36.3465],[-83.9617,36.3468],[-83.9684,36.3546],[-83.9647,36.3592],[-83.9534,36.3637],[-83.9499,36.369],[-83.9533,36.3758],[-83.9583,36.38],[-83.9536,36.3842],[-83.9559,36.3898],[-83.9524,36.4],[-83.95,36.4011],[-83.939,36.3943],[-83.9315,36.3932],[-83.9258,36.3879],[-83.9212,36.3879],[-83.915,36.394],[-83.9072,36.3991],[-83.9041,36.4049],[-83.9064,36.4103],[-83.9033,36.4183],[-83.9056,36.42],[-83.8998,36.4232],[-83.9073,36.4291],[-83.9114,36.4263],[-83.9226,36.4278],[-83.9241,36.4369],[-83.9276,36.4411],[-83.9333,36.4533],[-83.9303,36.46],[-83.9364,36.4601],[-83.9608,36.5089],[-83.9801,36.5507],[-83.978,36.5556],[-83.9846,36.5605],[-83.9834,36.5703],[-83.9847,36.5749],[-83.9825,36.5853],[-83.9876,36.5895],[-83.9999,36.5899],[-84.0733,36.5907],[-84.1022,36.5913],[-84.1332,36.5914],[-84.2279,36.5921],[-84.2613,36.5918]]]},"properties":{"NAME":"Campbell","NAMELSAD":"Campbell County","GEOID":"47013"}},
{"type":"Feature","geometry":{"type":"Polygon","coordinates":[[[-84.5227,35.6078],[-84.5226,35.5861],[-84.5048,35.5862],[-84.5048,35.5787],[-84.4999,35.5714],[-84.4884,35.5488],[-84.4647,35.5048],[-84.4528,35.477],[-84.4432,35.4627],[-84.4451,35.46],[-84.4523,35.4599],[-84.4522,35.4553],[-84.4434,35.4555],[-84.4344,35.4456],[-84.4382,35.4399],[-84.4365,35.4228],[-84.4296,35.4227],[-84.4267,35.4185],[-84.4263,35.4019],[-84.4144,35.4009],[-84.4092,35.3984],[-84.4093,35.3443],[-84.4006,35.3443],[-84.401,35.3304],[-84.4105,35.3306],[-84.4534,35.319],[-84.4656,35.31],[-84.4776,35.3033],[-84.4846,35.2954],[-84.4955,35.2855],[-84.3749,35.2402],[-84.3569,35.2337],[-84.3609,35.2267],[-84.3448,35.2204],[-84.3521,35.2073],[-84.3443,35.2043],[-84.3404,35.2109],[-84.3325,35.2079],[-84.3257,35.2194],[-84.2924,35.2067],[-84.2905,35.2236],[-84.2833,35.2265],[-84.2759,35.2342],[-84.26,35.2422],[-84.2587,35.2454],[-84.2502,35.251],[-84.243,35.2532],[-84.2275,35.2679],[-84.2177,35.2682],[-84.2114,35.2656],[-84.2029,35.2551],[-84.1998,35.2441],[-84.1932,35.2447],[-84.189,35.2402],[-84.1791,35.2404],[-84.1699,35.2464],[-84.1629,35.2438],[-84.1595,35.2457],[-84.148,35.2469],[-84.1388,35.2459],[-84.1319,35.2418],[-84.126,35.2415],[-84.1265,35.2472],[-84.1191,35.2523],[-84.1131,35.249],[-84.1069,35.2515],[-84.0975,35.2476],[-84.0923,35.2494],[-84.0849,35.2556],[-84.0809,35.2613],[-84.0556,35.2685],[-84.0507,35.2736],[-84.0467,35.2744],[-84.0405,35.2802],[-84.0362,35.2884],[-84.0243,35.2955],[-84.0215,35.3011],[-84.0267,35.3094],[-84.0341,35.3112],[-84.0358,35.3158],[-84.0293,35.3333],[-84.0362,35.3377],[-84.034,35.3433],[-84.0389,35.3482],[-84.0384,35.3509],[-84.0296,35.3538],[-84.0237,35.3541],[-84.0151,35.365],[-84.0074,35.3717],[-84.0083,35.3788],[-84.0114,35.3846],[-84.0083,35.3897],[-84.0128,35.3927],[-84.0137,35.3977],[-84.0187,35.4],[-84.0215,35.4042],[-84.0231,35.4119],[-84.0139,35.4127],[-83.9995,35.4259],[-83.9991,35.4342],[-83.9949,35.4351],[-83.9918,35.4407],[-83.9835,35.4408],[-83.9801,35.448],[-83.9731,35.4487],[-83.971,35.4555],[-83.9648,35.4541],[-83.9611,35.4638],[-83.9655,35.4669],[-83.9652,35.4711],[-83.9438,35.4807],[-83.9394,35.4853],[-83.9442,35.4907],[-83.9577,35.4897],[-83.9618,35.4917],[-83.9689,35.499],[-83.9759,35.5007],[-83.9807,35.4879],[-83.9844,35.4867],[-83.9894,35.4899],[-83.9919,35.4994],[-84.0017,35.5044],[-84.0098,35.511],[-84.0109,35.5161],[-84.0026,35.5241],[-83.995,35.5263],[-83.9925,35.5307],[-83.9971,35.5411],[-83.9938,35.55],[-83.9999,35.5547],[-84.0088,35.5533],[-84.0144,35.5463],[-84.03,35.5466],[-84.043,35.5422],[-84.0518,35.5464],[-84.0681,35.5464],[-84.0816,35.5412],[-84.0888,35.5437],[-84.0948,35.5533],[-84.0896,35.5598],[-84.0962,35.568],[-84.0962,35.5755],[-84.1044,35.5751],[-84.1104,35.5776],[-84.1098,35.5844],[-84.1123,35.5875],[-84.1275,35.5783],[-84.1403,35.5808],[-84.14,35.5836],[-84.1487,35.5838],[-84.1489,35.5913],[-84.1709,35.5934],[-84.1819,35.5989],[-84.1883,35.6106],[-84.1926,35.6182],[-84.2215,35.6153],[-84.2265,35.6209],[-84.2349,35.6216],[-84.2467,35.6173],[-84.2528,35.6176],[-84.2539,35.6262],[-84.2488,35.6324],[-84.2508,35.637],[-84.2564,35.6319],[-84.2613,35.6353],[-84.2818,35.6356],[-84.2824,35.6415],[-84.2975,35.6432],[-84.2952,35.6502],[-84.2908,35.6549],[-84.2996,35.6549],[-84.2996,35.6577],[-84.3087,35.6578],[-84.3175,35.6604],[-84.3176,35.6721],[-84.3264,35.6722],[-84.3265,35.665],[-84.3576,35.6652],[-84.3576,35.6579],[-84.3622,35.6545],[-84.3623,35.6472],[-84.3713,35.647],[-84.3744,35.6417],[-84.389,35.6401],[-84.3981,35.6402],[-84.3979,35.651],[-84.4022,35.6547],[-84.4065,35.6656],[-84.4105,35.6667],[-84.4256,35.6625],[-84.4236,35.6717],[-84.4377,35.6711],[-84.4358,35.666],[-84.4573,35.6658],[-84.4572,35.6591],[-84.4614,35.6585],[-84.4868,35.6584],[-84.4873,35.6555],[-84.4956,35.6555],[-84.5043,35.6659],[-84.5046,35.651],[-84.5222,35.6514],[-84.5225,35.644],[-84.5137,35.644],[-84.5138,35.6395],[-84.5087,35.6367],[-84.5086,35.6294],[-84.5001,35.6294],[-84.5048,35.6195],[-84.5137,35.6195],[-84.5174,35.6242],[-84.5259,35.6242],[-84.5224,35.6186],[-84.5227,35.6078]],[[-84.3528,35.6372],[-84.3553,35.6409],[-84.3493,35.6443],[-84.3429,35.6366],[-84.35,35.6329],[-84.3528,35.6372]]]},"properties":{"NAME":"Monroe","NAMELSAD":"Monroe County","GEOID":"47123"}},
{"type":"Feature","geometry":{"type":"Polygon","coordinates":[[[-86.6189,35.9682],[-86.622,35.9641],[-86.6224,35.958],[-86.625,35.9539],[-86.615,35.9437],[-86.6269,35.9159],[-86.6263,35.9073],[-86.6176,35.8999],[-86.6138,35.8838],[-86.6214,35.8826],[-86.6174,35.8641],[-86.6071,35.8558],[-86.6004,35.8532],[-86.6015,35.8415],[-86.6034,35.8387],[-86.6164,35.8388],[-86.6173,35.8313],[-86.6255,35.8323],[-86.626,35.8265],[-86.6118,35.8246],[-86.613,35.8135],[-86.6233,35.8157],[-86.6252,35.8089],[-86.6135,35.81],[-86.6109,35.8041],[-86.6133,35.7903],[-86.6237,35.7912],[-86.625,35.7949],[-86.6321,35.7945],[-86.6471,35.7956],[-86.6499,35.7899],[-86.6629,35.7909],[-86.6597,35.7812],[-86.6638,35.771],[-86.6713,35.7717],[-86.6781,35.7658],[-86.6795,35.7563],[-86.6818,35.7501],[-86.6969,35.7523],[-86.6984,35.7351],[-86.7003,35.7226],[-86.6993,35.7178],[-86.6886,35.7184],[-86.6891,35.7133],[-86.6862,35.7101],[-86.6807,35.7096],[-86.6826,35.7041],[-86.6737,35.7033],[-86.6743,35.697],[-86.6614,35.6949],[-86.6616,35.6927],[-86.6512,35.6916],[-86.642,35.689],[-86.6394,35.6859],[-86.6357,35.7017],[-86.6219,35.7028],[-86.6004,35.7016],[-86.5812,35.6994],[-86.5681,35.6993],[-86.5431,35.6976],[-86.5437,35.6943],[-86.5375,35.6922],[-86.5269,35.6914],[-86.5155,35.6884],[-86.5167,35.6806],[-86.5194,35.6778],[-86.5088,35.6756],[-86.4998,35.6615],[-86.4878,35.6565],[-86.4721,35.6547],[-86.4732,35.6463],[-86.4614,35.6452],[-86.4622,35.6379],[-86.4561,35.6372],[-86.455,35.6446],[-86.4451,35.6435],[-86.4327,35.6469],[-86.4303,35.6497],[-86.4166,35.6496],[-86.4189,35.6406],[-86.4134,35.64],[-86.4179,35.6283],[-86.4137,35.6232],[-86.4052,35.6222],[-86.4033,35.6189],[-86.3951,35.6232],[-86.3942,35.6266],[-86.3828,35.6268],[-86.3797,35.6299],[-86.373,35.6311],[-86.375,35.6392],[-86.3786,35.6428],[-86.3667,35.6485],[-86.3628,35.6523],[-86.3522,35.6502],[-86.3544,35.6556],[-86.3527,35.6605],[-86.3473,35.6587],[-86.3443,35.6637],[-86.336,35.6622],[-86.3341,35.6581],[-86.3279,35.6624],[-86.3172,35.6608],[-86.3104,35.6616],[-86.3041,35.6596],[-86.3003,35.6557],[-86.3065,35.6487],[-86.3013,35.6457],[-86.2953,35.6475],[-86.2809,35.6486],[-86.2798,35.6459],[-86.2606,35.6379],[-86.2577,35.6319],[-86.2452,35.6319],[-86.2414,35.6364],[-86.2449,35.6425],[-86.2449,35.6488],[-86.2408,35.658],[-86.2479,35.6665],[-86.2417,35.6685],[-86.2424,35.6742],[-86.2468,35.6854],[-86.2411,35.6907],[-86.2336,35.6912],[-86.2196,35.7062],[-86.2155,35.7009],[-86.2072,35.7038],[-86.2088,35.7124],[-86.2066,35.717],[-86.2065,35.7244],[-86.203,35.7274],[-86.2079,35.7323],[-86.2042,35.7372],[-86.1955,35.7414],[-86.1871,35.7637],[-86.1828,35.7684],[-86.1899,35.7718],[-86.1884,35.7772],[-86.1907,35.7824],[-86.1882,35.7875],[-86.1886,35.7959],[-86.1828,35.7964],[-86.1795,35.8053],[-86.1774,35.8198],[-86.1797,35.8253],[-86.1728,35.873],[-86.1691,35.8777],[-86.1686,35.8844],[-86.1586,35.8808],[-86.1559,35.8882],[-86.1529,35.9091],[-86.1456,35.9086],[-86.1418,35.9144],[-86.1553,35.9326],[-86.1527,35.9488],[-86.1532,35.9544],[-86.1613,35.9568],[-86.1611,35.9632],[-86.1705,35.9573],[-86.1865,35.9579],[-86.1859,35.9622],[-86.2024,35.9634],[-86.2103,35.963],[-86.2099,35.967],[-86.223,35.9693],[-86.2251,35.9629],[-86.237,35.9633],[-86.2378,35.9594],[-86.2517,35.9611],[-86.2506,35.9677],[-86.2876,35.9727],[-86.2871,35.975],[-86.3104,35.9786],[-86.31,35.9862],[-86.3241,35.9872],[-86.3263,35.985],[-86.3463,36.0001],[-86.3649,36.0106],[-86.3675,36.0179],[-86.3723,36.0188],[-86.377,36.012],[-86.3884,36.0272],[-86.3839,36.0267],[-86.3825,36.0353],[-86.3941,36.0365],[-86.3951,36.031],[-86.4181,36.042],[-86.452,36.0627],[-86.472,36.0721],[-86.5156,36.1006],[-86.5176,36.0841],[-86.5209,36.0725],[-86.525,36.0689],[-86.5244,36.059],[-86.5329,36.06],[-86.5275,36.074],[-86.5295,36.0775],[-86.5407,36.0776],[-86.5451,36.0866],[-86.549,36.0859],[-86.5461,36.0775],[-86.5465,36.0665],[-86.5574,36.0657],[-86.5617,36.0674],[-86.5639,36.0619],[-86.5621,36.0542],[-86.5664,36.0488],[-86.5607,36.0399],[-86.5624,36.0353],[-86.569,36.0343],[-86.5786,36.0266],[-86.592,36.0235],[-86.6007,36.0119],[-86.6123,36.01],[-86.6156,35.9916],[-86.6096,35.9909],[-86.6072,35.9855],[-86.6104,35.9755],[-86.6137,35.9756],[-86.6144,35.9678],[-86.6189,35.9682]]]},"properties":{"NAME":"Rutherford","NAMELSAD":"Rutherford County","GEOID":"47149"}},
{"type":"Feature","geometry":{"type":"Polygon","coordinates":[[[-86.1368,36.2959],[-86.1357,36.2946],[-86.1261,36.2697],[-86.1156,36.2689],[-86.123,36.261],[-86.1145,36.2377],[-86.1205,36.2368],[-86.1214,36.2314],[-86.1113,36.2286],[-86.1028,36.2052],[-86.0942,36.2057],[-86.0912,36.198],[-86.0993,36.196],[-86.0772,36.1351],[-86.0661,36.1242],[-86.0671,36.1114],[-86.0597,36.086],[-86.0562,36.0904],[-86.0427,36.0893],[-86.0282,36.0834],[-86.0246,36.0847],[-86.0134,36.0835],[-86.0123,36.09],[-86.0022,36.0876],[-85.9861,36.0871],[-85.9832,36.0933],[-85.9759,36.0976],[-85.9692,36.0991],[-85.9647,36.1088],[-85.9571,36.108],[-85.9484,36.102],[-85.94,36.1059],[-85.9379,36.1091],[-85.932,36.1086],[-85.9283,36.1041],[-85.9173,36.1025],[-85.915,36.0972],[-85.9113,36.0975],[-85.9156,36.1096],[-85.9109,36.1121],[-85.9101,36.1169],[-85.8989,36.1159],[-85.8928,36.1136],[-85.8944,36.105],[-85.8798,36.0975],[-85.8713,36.0975],[-85.8665,36.0941],[-85.8616,36.1],[-85.8599,36.1051],[-85.8528,36.1112],[-85.855,36.1164],[-85.8529,36.1203],[-85.8424,36.1196],[-85.839,36.128],[-85.8351,36.1282],[-85.8287,36.1226],[-85.8212,36.1242],[-85.8074,36.1316],[-85.8023,36.1406],[-85.8073,36.1478],[-85.8053,36.1652],[-85.8036,36.1704],[-85.7857,36.1724],[-85.7869,36.1802],[-85.7929,36.1797],[-85.793,36.1735],[-85.8031,36.1747],[-85.8048,36.1831],[-85.8005,36.1828],[-85.7955,36.1876],[-85.8008,36.195],[-85.7988,36.2014],[-85.7995,36.2063],[-85.8067,36.204],[-85.8092,36.2066],[-85.8039,36.2112],[-85.7862,36.2107],[-85.7815,36.2143],[-85.7831,36.2198],[-85.7786,36.2212],[-85.7825,36.2305],[-85.7802,36.238],[-85.7916,36.2513],[-85.8043,36.2558],[-85.8064,36.2512],[-85.8134,36.2488],[-85.8239,36.2513],[-85.8277,36.2553],[-85.8346,36.267],[-85.8355,36.2771],[-85.838,36.2818],[-85.8465,36.2882],[-85.8393,36.3321],[-85.8374,36.3417],[-85.8293,36.3438],[-85.8312,36.3512],[-85.8358,36.3519],[-85.8303,36.3906],[-85.828,36.4118],[-85.8513,36.415],[-85.8778,36.4156],[-85.9789,36.4261],[-85.9711,36.4191],[-85.9763,36.4154],[-85.9771,36.4051],[-85.9827,36.3959],[-86.0023,36.393],[-86.0185,36.3884],[-86.0212,36.3857],[-86.0361,36.382],[-86.054,36.3733],[-86.0668,36.3656],[-86.0809,36.3554],[-86.0927,36.3449],[-86.1012,36.3358],[-86.1107,36.3235],[-86.1178,36.3121],[-86.1262,36.2941],[-86.1368,36.2959]]]},"properties":{"NAME":"Smith","NAMELSAD":"Smith County","GEOID":"47159"}},
{"type":"Feature","geometry":{"type":"Polygon","coordinates":[[[-86.2284,36.4875],[-86.2334,36.4881],[-86.2393,36.482],[-86.2335,36.4813],[-86.2372,36.4519],[-86.25,36.451],[-86.2688,36.4529],[-86.2692,36.4371],[-86.2725,36.3587],[-86.2818,36.3614],[-86.2854,36.3515],[-86.2833,36.3475],[-86.2728,36.3476],[-86.2691,36.3449],[-86.2658,36.3374],[-86.2646,36.3283],[-86.2726,36.3154],[-86.2727,36.3073],[-86.2632,36.2994],[-86.2526,36.3028],[-86.2474,36.3115],[-86.2483,36.3274],[-86.2445,36.3364],[-86.2299,36.3494],[-86.2263,36.349],[-86.227,36.3427],[-86.2179,36.3416],[-86.212,36.3447],[-86.2066,36.3427],[-86.2041,36.3323],[-86.1893,36.3201],[-86.1808,36.3216],[-86.1759,36.3288],[-86.164,36.3209],[-86.1447,36.3045],[-86.1368,36.2959],[-86.1262,36.2941],[-86.1178,36.3121],[-86.1107,36.3235],[-86.1012,36.3358],[-86.0927,36.3449],[-86.0809,36.3554],[-86.0668,36.3656],[-86.054,36.3733],[-86.0361,36.382],[-86.0212,36.3857],[-86.0185,36.3884],[-86.0023,36.393],[-85.9827,36.3959],[-85.9771,36.4051],[-85.9763,36.4154],[-85.9711,36.4191],[-85.9789,36.4261],[-86.0019,36.4289],[-86.0871,36.4366],[-86.1224,36.4402],[-86.1683,36.4443],[-86.1757,36.4542],[-86.1833,36.467],[-86.1901,36.4827],[-86.2287,36.4864],[-86.2284,36.4875]]]},"properties":{"NAME":"Trousdale","NAMELSAD":"Trousdale County","GEOID":"47169"}},
{"type":"Feature","geometry":{"type":"Polygon","coordinates":[[[-86.5639,36.6336],[-86.5723,36.6194],[-86.5936,36.5887],[-86.6043,36.571],[-86.6124,36.5636],[-86.6326,36.5383],[-86.635,36.534],[-86.6414,36.5129],[-86.642,36.5055],[-86.6408,36.4971],[-86.6452,36.4871],[-86.6463,36.4801],[-86.6519,36.4701],[-86.6665,36.4581],[-86.6752,36.45],[-86.6809,36.4385],[-86.6927,36.4264],[-86.6951,36.4213],[-86.6916,36.411],[-86.6933,36.4072],[-86.7075,36.4106],[-86.7113,36.4141],[-86.7183,36.4139],[-86.7198,36.4183],[-86.728,36.4139],[-86.7332,36.4144],[-86.7355,36.4183],[-86.7483,36.4186],[-86.7499,36.4105],[-86.7548,36.4055],[-86.7457,36.4031],[-86.7417,36.3973],[-86.7401,36.3905],[-86.7334,36.3858],[-86.7275,36.3723],[-86.7236,36.3485],[-86.7211,36.3421],[-86.7131,36.335],[-86.7072,36.333],[-86.7033,36.3273],[-86.6969,36.3267],[-86.6963,36.3214],[-86.6884,36.3199],[-86.6803,36.3159],[-86.6748,36.3158],[-86.6722,36.3089],[-86.6665,36.3035],[-86.6687,36.3006],[-86.6558,36.2968],[-86.642,36.2883],[-86.6426,36.2712],[-86.6391,36.2551],[-86.6228,36.2493],[-86.6151,36.2451],[-86.61,36.2442],[-86.5943,36.2451],[-86.5944,36.2459],[-86.5711,36.2626],[-86.5598,36.2875],[-86.5631,36.2957],[-86.5645,36.304],[-86.5599,36.3125],[-86.5528,36.3191],[-86.5434,36.3206],[-86.5399,36.3082],[-86.5403,36.3011],[-86.5378,36.2907],[-86.5336,36.284],[-86.5263,36.2785],[-86.5216,36.2781],[-86.517,36.2852],[-86.5134,36.2983],[-86.5113,36.3014],[-86.5012,36.3084],[-86.4905,36.3126],[-86.4517,36.3356],[-86.4337,36.34],[-86.428,36.3385],[-86.4184,36.3328],[-86.4186,36.3221],[-86.4154,36.3137],[-86.4078,36.3077],[-86.4011,36.3059],[-86.3956,36.3067],[-86.3904,36.3102],[-86.3891,36.3175],[-86.3897,36.3278],[-86.3862,36.3376],[-86.3769,36.3509],[-86.3704,36.3561],[-86.3613,36.3577],[-86.3509,36.3523],[-86.3465,36.3451],[-86.3461,36.3299],[-86.3563,36.3223],[-86.3613,36.3154],[-86.362,36.3115],[-86.3548,36.3097],[-86.3364,36.3179],[-86.3305,36.3188],[-86.3071,36.3129],[-86.2985,36.3136],[-86.2966,36.3241],[-86.2964,36.3346],[-86.2945,36.339],[-86.2873,36.3462],[-86.2833,36.3475],[-86.2854,36.3515],[-86.2818,36.3614],[-86.2725,36.3587],[-86.2692,36.4371],[-86.2688,36.4529],[-86.25,36.451],[-86.2372,36.4519],[-86.2335,36.4813],[-86.2393,36.482],[-86.2334,36.4881],[-86.2284,36.4875],[-86.2223,36.491],[-86.2165,36.507],[-86.2148,36.5249],[-86.2179,36.5292],[-86.2251,36.5288],[-86.2093,36.6149],[-86.2054,36.6402],[-86.2931,36.6453],[-86.3321,36.6487],[-86.3587,36.6497],[-86.4114,36.6509],[-86.5078,36.6524],[-86.5438,36.6404],[-86.5434,36.6439],[-86.5499,36.6448],[-86.5512,36.638],[-86.5639,36.6336]]]},"properties":{"NAME":"Sumner","NAMELSAD":"Sumner County","GEOID":"47165"}},
{"type":"Feature","geometry":{"type":"Polygon","coordinates":[[[-85.9136,35.2892],[-85.9081,35.2765],[-85.8934,35.2573],[-85.8868,35.2474],[-85.873,35.2234],[-85.8583,35.2311],[-85.8517,35.2378],[-85.8451,35.2411],[-85.8285,35.2398],[-85.8224,35.2422],[-85.7851,35.2226],[-85.7735,35.2187],[-85.75,35.2159],[-85.7401,35.2153],[-85.6936,35.2393],[-85.7094,35.2893],[-85.7004,35.2911],[-85.6904,35.2861],[-85.6863,35.2891],[-85.6715,35.2949],[-85.6725,35.2983],[-85.6555,35.3056],[-85.6517,35.3025],[-85.6454,35.302],[-85.633,35.3037],[-85.5601,35.3187],[-85.5586,35.3193],[-85.5424,35.3415],[-85.5351,35.3437],[-85.529,35.3428],[-85.5263,35.3484],[-85.5062,35.3577],[-85.5055,35.3667],[-85.4995,35.3732],[-85.4985,35.3769],[-85.4892,35.3835],[-85.4946,35.3864],[-85.4945,35.395],[-85.4856,35.4064],[-85.5129,35.4076],[-85.5118,35.4211],[-85.5183,35.4239],[-85.5205,35.4216],[-85.5358,35.4315],[-85.5401,35.459],[-85.5413,35.4614],[-85.5368,35.4811],[-85.5367,35.4871],[-85.5402,35.4907],[-85.558,35.5003],[-85.5696,35.5058],[-85.5769,35.5125],[-85.584,35.5159],[-85.5902,35.5217],[-85.6073,35.5317],[-85.7033,35.5287],[-85.7481,35.5243],[-85.7537,35.5242],[-85.8174,35.5135],[-85.8153,35.5058],[-85.8203,35.5046],[-85.8329,35.5153],[-85.857,35.5205],[-85.8664,35.521],[-85.874,35.529],[-85.877,35.5241],[-85.8828,35.5164],[-85.8822,35.511],[-85.8762,35.5073],[-85.8795,35.4918],[-85.8856,35.4895],[-85.8867,35.4679],[-85.8892,35.444],[-85.8845,35.393],[-85.887,35.3815],[-85.8834,35.3805],[-85.8697,35.3804],[-85.875,35.3679],[-85.8805,35.3606],[-85.8811,35.3488],[-85.9049,35.3304],[-85.9022,35.3271],[-85.9008,35.3178],[-85.9055,35.3176],[-85.9071,35.3066],[-85.9098,35.3004],[-85.9069,35.2973],[-85.9136,35.2892]]]},"properties":{"NAME":"Grundy","NAMELSAD":"Grundy County","GEOID":"47061"}},
{"type":"Feature","geometry":{"type":"Polygon","coordinates":[[[-86.6394,35.6859],[-86.6393,35.6763],[-86.6461,35.6251],[-86.6492,35.5992],[-86.6522,35.5872],[-86.661,35.5884],[-86.6638,35.5819],[-86.6563,35.5781],[-86.6486,35.5823],[-86.6423,35.5825],[-86.6396,35.5767],[-86.6417,35.5736],[-86.6532,35.5741],[-86.6642,35.4918],[-86.6629,35.4746],[-86.6656,35.4562],[-86.6579,35.456],[-86.6583,35.4353],[-86.6558,35.4314],[-86.6333,35.3898],[-86.6243,35.386],[-86.6272,35.3805],[-86.6226,35.3757],[-86.6182,35.3668],[-86.6073,35.3672],[-86.5995,35.365],[-86.5952,35.3645],[-86.5829,35.371],[-86.5624,35.3658],[-86.5527,35.36],[-86.5437,35.3632],[-86.5345,35.3527],[-86.5253,35.3547],[-86.5149,35.3571],[-86.5079,35.3603],[-86.4995,35.36],[-86.4924,35.3621],[-86.4851,35.3606],[-86.4812,35.3529],[-86.4803,35.3459],[-86.4753,35.3437],[-86.4765,35.3394],[-86.4692,35.3363],[-86.4653,35.337],[-86.4599,35.3308],[-86.4595,35.3277],[-86.4495,35.3246],[-86.4442,35.3207],[-86.4387,35.3226],[-86.4259,35.3192],[-86.4217,35.3193],[-86.4121,35.3292],[-86.4093,35.3466],[-86.4006,35.3454],[-86.3976,35.349],[-86.3897,35.35],[-86.3712,35.348],[-86.3686,35.3516],[-86.375,35.3532],[-86.3742,35.3566],[-86.365,35.3516],[-86.3603,35.362],[-86.3473,35.3618],[-86.339,35.3675],[-86.3295,35.377],[-86.3162,35.3823],[-86.3116,35.3855],[-86.2943,35.392],[-86.288,35.4073],[-86.2786,35.4104],[-86.2576,35.4125],[-86.2506,35.4132],[-86.2496,35.426],[-86.2466,35.4492],[-86.2378,35.4486],[-86.2367,35.455],[-86.2442,35.4587],[-86.2469,35.4661],[-86.2416,35.5042],[-86.2367,35.5058],[-86.2427,35.5178],[-86.243,35.5342],[-86.2422,35.5707],[-86.2439,35.6066],[-86.2451,35.6119],[-86.2445,35.6204],[-86.2477,35.6241],[-86.2419,35.6277],[-86.2452,35.6319],[-86.2577,35.6319],[-86.2606,35.6379],[-86.2798,35.6459],[-86.2809,35.6486],[-86.2953,35.6475],[-86.3013,35.6457],[-86.3065,35.6487],[-86.3003,35.6557],[-86.3041,35.6596],[-86.3104,35.6616],[-86.3172,35.6608],[-86.3279,35.6624],[-86.3341,35.6581],[-86.336,35.6622],[-86.3443,35.6637],[-86.3473,35.6587],[-86.3527,35.6605],[-86.3544,35.6556],[-86.3522,35.6502],[-86.3628,35.6523],[-86.3667,35.6485],[-86.3786,35.6428],[-86.375,35.6392],[-86.373,35.6311],[-86.3797,35.6299],[-86.3828,35.6268],[-86.3942,35.6266],[-86.3951,35.6232],[-86.4033,35.6189],[-86.4052,35.6222],[-86.4137,35.6232],[-86.4179,35.6283],[-86.4134,35.64],[-86.4189,35.6406],[-86.4166,35.6496],[-86.4303,35.6497],[-86.4327,35.6469],[-86.4451,35.6435],[-86.455,35.6446],[-86.4561,35.6372],[-86.4622,35.6379],[-86.4614,35.6452],[-86.4732,35.6463],[-86.4721,35.6547],[-86.4878,35.6565],[-86.4998,35.6615],[-86.5088,35.6756],[-86.5194,35.6778],[-86.5167,35.6806],[-86.5155,35.6884],[-86.5269,35.6914],[-86.5375,35.6922],[-86.5437,35.6943],[-86.5431,35.6976],[-86.5681,35.6993],[-86.5812,35.6994],[-86.6004,35.7016],[-86.6219,35.7028],[-86.6357,35.7017],[-86.6394,35.6859]]]},"properties":{"NAME":"Bedford","NAMELSAD":"Bedford County","GEOID":"47003"}},
{"type":"Feature","geometry":{"type":"Polygon","coordinates":[[[-85.8139,36.4995],[-85.7671,36.5172],[-85.7536,36.4991],[-85.7158,36.4975],[-85.7181,36.5012],[-85.7356,36.5181],[-85.7271,36.5199],[-85.7041,36.5224],[-85.7034,36.5149],[-85.6964,36.5024],[-85.6961,36.496],[-85.6674,36.496],[-85.6406,36.4905],[-85.625,36.4839],[-85.6157,36.482],[-85.5983,36.4765],[-85.5899,36.4757],[-85.576,36.4716],[-85.567,36.4763],[-85.5644,36.4752],[-85.5608,36.4599],[-85.5444,36.4453],[-85.53,36.4377],[-85.5289,36.4341],[-85.5193,36.4262],[-85.5191,36.4233],[-85.5126,36.4182],[-85.5049,36.4078],[-85.4954,36.4031],[-85.4949,36.4098],[-85.4912,36.4275],[-85.4817,36.4543],[-85.4695,36.4699],[-85.4568,36.4819],[-85.4532,36.4922],[-85.4464,36.498],[-85.4388,36.5011],[-85.4245,36.5025],[-85.421,36.5018],[-85.3926,36.5045],[-85.4028,36.4976],[-85.4008,36.4913],[-85.3919,36.492],[-85.3832,36.4888],[-85.3817,36.4945],[-85.3899,36.5056],[-85.3808,36.5075],[-85.371,36.5131],[-85.3671,36.5136],[-85.3616,36.5195],[-85.3379,36.5279],[-85.316,36.5276],[-85.299,36.5223],[-85.2996,36.5271],[-85.2849,36.5313],[-85.2818,36.5477],[-85.2781,36.5555],[-85.2671,36.5732],[-85.2775,36.5861],[-85.2769,36.6073],[-85.2813,36.6117],[-85.2767,36.6178],[-85.2763,36.6268],[-85.2939,36.6264],[-85.3004,36.6245],[-85.3248,36.6245],[-85.3346,36.623],[-85.4118,36.6196],[-85.4293,36.6191],[-85.4885,36.6154],[-85.5015,36.6149],[-85.6765,36.6182],[-85.7887,36.6221],[-85.788,36.6154],[-85.7965,36.6135],[-85.8022,36.5748],[-85.8079,36.5469],[-85.8114,36.5165],[-85.8139,36.4995]]]},"properties":{"NAME":"Clay","NAMELSAD":"Clay County","GEOID":"47027"}},
{"type":"Feature","geometry":{"type":"Polygon","coordinates":[[[-89.6448,35.9044],[-89.6466,35.8998],[-89.6444,35.8948],[-89.666,35.8829],[-89.677,35.8857],[-89.6881,35.897],[-89.7149,35.9063],[-89.7213,35.9058],[-89.736,35.9071],[-89.7426,35.9067],[-89.755,35.8992],[-89.7657,35.8913],[-89.7729,35.8763],[-89.7733,35.8674],[-89.771,35.863],[-89.7615,35.8572],[-89.7455,35.8518],[-89.7295,35.8476],[-89.7093,35.8389],[-89.7014,35.831],[-89.7018,35.8242],[-89.7044,35.8196],[-89.7251,35.8088],[-89.7347,35.8061],[-89.7416,35.8056],[-89.7584,35.8105],[-89.7655,35.8095],[-89.7822,35.8047],[-89.7963,35.7928],[-89.7993,35.7885],[-89.7971,35.7827],[-89.7993,35.7754],[-89.8049,35.7715],[-89.8093,35.7644],[-89.8209,35.7569],[-89.8368,35.7549],[-89.848,35.7552],[-89.8639,35.7476],[-89.8765,35.738],[-89.8773,35.7414],[-89.8835,35.745],[-89.8882,35.7501],[-89.9069,35.7597],[-89.9251,35.7501],[-89.9503,35.7385],[-89.9563,35.7334],[-89.9589,35.7238],[-89.9569,35.7117],[-89.9558,35.6906],[-89.9502,35.6824],[-89.9427,35.6751],[-89.9388,35.6676],[-89.9294,35.659],[-89.9154,35.6528],[-89.8989,35.6509],[-89.887,35.6536],[-89.8835,35.6566],[-89.8782,35.6653],[-89.8667,35.6702],[-89.8579,35.6683],[-89.8535,35.663],[-89.8509,35.655],[-89.8526,35.6412],[-89.8566,35.6345],[-89.8639,35.6308],[-89.8766,35.6267],[-89.8931,35.6161],[-89.897,35.6149],[-89.9114,35.6174],[-89.9196,35.6122],[-89.9308,35.6085],[-89.9478,35.6001],[-89.9548,35.5933],[-89.9579,35.5855],[-89.9548,35.5772],[-89.9457,35.5616],[-89.9401,35.5558],[-89.9287,35.5515],[-89.9104,35.5488],[-89.9073,35.5435],[-89.9098,35.5379],[-89.9011,35.5423],[-89.8944,35.5502],[-89.8879,35.5679],[-89.8891,35.5707],[-89.8813,35.5774],[-89.8858,35.5824],[-89.8789,35.5865],[-89.8623,35.5851],[-89.8573,35.5917],[-89.8529,35.5909],[-89.8506,35.5952],[-89.8424,35.5976],[-89.8452,35.6041],[-89.8278,35.6024],[-89.8242,35.6031],[-89.8248,35.6096],[-89.8209,35.6168],[-89.8071,35.6205],[-89.8039,35.6236],[-89.8068,35.6273],[-89.8011,35.6293],[-89.7932,35.6374],[-89.7866,35.6377],[-89.7789,35.6358],[-89.7762,35.638],[-89.7663,35.6401],[-89.7629,35.6459],[-89.7578,35.6504],[-89.7515,35.6467],[-89.7406,35.6453],[-89.7288,35.6471],[-89.7274,35.6366],[-89.7107,35.6409],[-89.7061,35.6397],[-89.6998,35.6429],[-89.6914,35.6419],[-89.6856,35.6381],[-89.6716,35.6388],[-89.665,35.6357],[-89.6623,35.6321],[-89.6544,35.6358],[-89.6507,35.6395],[-89.6538,35.6448],[-89.6494,35.6477],[-89.6405,35.6451],[-89.6311,35.645],[-89.6238,35.6522],[-89.6208,35.646],[-89.613,35.6432],[-89.6091,35.6337],[-89.6024,35.629],[-89.5964,35.6297],[-89.5879,35.6254],[-89.5839,35.6196],[-89.579,35.6192],[-89.5721,35.6139],[-89.562,35.6138],[-89.5436,35.6028],[-89.5394,35.6049],[-89.5321,35.6026],[-89.5331,35.5972],[-89.5261,35.5982],[-89.519,35.5931],[-89.5212,35.5901],[-89.5115,35.588],[-89.511,35.5811],[-89.5021,35.5806],[-89.4827,35.594],[-89.47,35.5952],[-89.4683,35.6251],[-89.4664,35.6827],[-89.4527,35.6826],[-89.4324,35.7299],[-89.4322,35.7394],[-89.4277,35.7402],[-89.4275,35.7474],[-89.4399,35.7476],[-89.4397,35.7659],[-89.4326,35.7712],[-89.4313,35.7826],[-89.4215,35.7882],[-89.4191,35.799],[-89.4113,35.8032],[-89.4054,35.8089],[-89.4053,35.8135],[-89.4018,35.8227],[-89.3637,35.8191],[-89.356,35.8176],[-89.3614,35.8225],[-89.3603,35.8283],[-89.3572,35.8312],[-89.3578,35.8359],[-89.3545,35.8401],[-89.3533,35.8478],[-89.3455,35.8543],[-89.34,35.8711],[-89.3433,35.8753],[-89.3428,35.8809],[-89.3465,35.8846],[-89.3557,35.9013],[-89.3549,35.9046],[-89.3684,35.909],[-89.3712,35.9149],[-89.3761,35.9157],[-89.3841,35.9207],[-89.3972,35.9408],[-89.4013,35.9376],[-89.407,35.9466],[-89.4909,35.9477],[-89.4894,35.9436],[-89.4931,35.9322],[-89.5008,35.9321],[-89.5054,35.9251],[-89.5152,35.9282],[-89.522,35.934],[-89.5293,35.9296],[-89.5372,35.9303],[-89.5465,35.9355],[-89.5508,35.9341],[-89.557,35.9375],[-89.5624,35.9312],[-89.5715,35.9284],[-89.5759,35.9299],[-89.5791,35.9246],[-89.5869,35.9286],[-89.5959,35.9233],[-89.6083,35.92],[-89.6242,35.9206],[-89.6314,35.9241],[-89.6373,35.9232],[-89.6406,35.9183],[-89.6384,35.9137],[-89.639,35.9073],[-89.6448,35.9044]]]},"properties":{"NAME":"Lauderdale","NAMELSAD":"Lauderdale County","GEOID":"47097"}},
{"type":"Feature","geometry":{"type":"MultiPolygon","coordinates":[[[[-84.2634,35.8969],[-84.2667,35.8941],[-84.2771,35.902],[-84.2846,35.901],[-84.2858,35.8943],[-84.2788,35.881],[-84.279,35.8772],[-84.2856,35.8751],[-84.2937,35.8833],[-84.3091,35.8883],[-84.3192,35.8863],[-84.3274,35.8894],[-84.33,35.8929],[-84.3337,35.8771],[-84.3389,35.8503],[-84.338,35.8391],[-84.3428,35.8317],[-84.3476,35.8324],[-84.365,35.8253],[-84.3715,35.8259],[-84.3797,35.8174],[-84.3812,35.8056],[-84.3772,35.7907],[-84.3887,35.7825],[-84.3808,35.7779],[-84.3886,35.7684],[-84.4028,35.776],[-84.4082,35.7773],[-84.4164,35.7765],[-84.4239,35.7684],[-84.4244,35.758],[-84.426,35.7533],[-84.4317,35.7487],[-84.4364,35.7484],[-84.4464,35.7547],[-84.4486,35.7594],[-84.4945,35.7164],[-84.5105,35.7165],[-84.5169,35.712],[-84.5216,35.7051],[-84.5219,35.6948],[-84.5262,35.6912],[-84.5306,35.6912],[-84.5319,35.684],[-84.5218,35.6837],[-84.5219,35.6766],[-84.5308,35.6766],[-84.531,35.6704],[-84.54,35.6705],[-84.54,35.6659],[-84.5488,35.6661],[-84.5489,35.6624],[-84.5534,35.6588],[-84.5756,35.6589],[-84.5755,35.6516],[-84.5844,35.6516],[-84.5845,35.6444],[-84.5843,35.6331],[-84.5669,35.6332],[-84.5669,35.6298],[-84.5579,35.6297],[-84.5579,35.637],[-84.5492,35.6369],[-84.5476,35.6413],[-84.5354,35.6337],[-84.534,35.6296],[-84.526,35.6281],[-84.5259,35.6242],[-84.5174,35.6242],[-84.5137,35.6195],[-84.5048,35.6195],[-84.5001,35.6294],[-84.5086,35.6294],[-84.5087,35.6367],[-84.5138,35.6395],[-84.5137,35.644],[-84.5225,35.644],[-84.5222,35.6514],[-84.5046,35.651],[-84.5043,35.6659],[-84.4956,35.6555],[-84.4873,35.6555],[-84.4868,35.6584],[-84.4614,35.6585],[-84.4572,35.6591],[-84.4573,35.6658],[-84.4358,35.666],[-84.4377,35.6711],[-84.4236,35.6717],[-84.4256,35.6625],[-84.4105,35.6667],[-84.4065,35.6656],[-84.4022,35.6547],[-84.3979,35.651],[-84.3981,35.6402],[-84.389,35.6401],[-84.3744,35.6417],[-84.3713,35.647],[-84.3623,35.6472],[-84.3622,35.6545],[-84.3576,35.6579],[-84.3576,35.6652],[-84.3265,35.665],[-84.3264,35.6722],[-84.3176,35.6721],[-84.3175,35.6604],[-84.3087,35.6578],[-84.2996,35.6577],[-84.2996,35.6549],[-84.2908,35.6549],[-84.2952,35.6502],[-84.2975,35.6432],[-84.2824,35.6415],[-84.2818,35.6356],[-84.2613,35.6353],[-84.2564,35.6319],[-84.2508,35.637],[-84.2488,35.6324],[-84.2539,35.6262],[-84.2528,35.6176],[-84.2467,35.6173],[-84.2349,35.6216],[-84.2265,35.6209],[-84.2215,35.6153],[-84.1926,35.6182],[-84.1883,35.6106],[-84.1854,35.611],[-84.1577,35.624],[-84.1517,35.6275],[-84.1454,35.6358],[-84.1449,35.6416],[-84.1345,35.6474],[-84.1375,35.6584],[-84.1331,35.6607],[-84.1347,35.6646],[-84.1418,35.6691],[-84.1476,35.6691],[-84.1538,35.6739],[-84.1608,35.6833],[-84.1621,35.6874],[-84.1606,35.6955],[-84.1728,35.7128],[-84.171,35.7254],[-84.1721,35.7321],[-84.168,35.7416],[-84.1625,35.7474],[-84.154,35.7539],[-84.152,35.7576],[-84.1637,35.7652],[-84.1795,35.7685],[-84.1723,35.7798],[-84.1711,35.786],[-84.171,35.798],[-84.1727,35.8044],[-84.1663,35.8051],[-84.1654,35.8068],[-84.2499,35.8851],[-84.2634,35.8969]]],[[[-84.5224,35.6186],[-84.5404,35.6194],[-84.5403,35.6118],[-84.5257,35.6118],[-84.5227,35.6078],[-84.5224,35.6186]]],[[[-84.3528,35.6372],[-84.35,35.6329],[-84.3429,35.6366],[-84.3493,35.6443],[-84.3553,35.6409],[-84.3528,35.6372]]]]},"properties":{"NAME":"Loudon","NAMELSAD":"Loudon County","GEOID":"47105"}},
{"type":"Feature","geometry":{"type":"Polygon","coordinates":[[[-86.0597,36.086],[-86.0614,36.074],[-86.0547,36.0722],[-86.0567,36.0661],[-86.0565,36.0593],[-86.0474,36.0575],[-86.0482,36.05],[-86.0527,36.0492],[-86.0534,36.0438],[-86.046,36.042],[-86.0465,36.0365],[-86.0427,36.0326],[-86.0358,36.0314],[-86.0345,36.0262],[-86.0352,36.0163],[-86.0408,36.0088],[-86.0265,35.9986],[-86.0265,35.9926],[-86.0149,35.9611],[-85.997,35.9529],[-85.9921,35.949],[-85.944,35.9025],[-85.908,35.8725],[-85.8939,35.8556],[-85.8892,35.8542],[-85.8972,35.8468],[-85.8943,35.8441],[-85.8858,35.8428],[-85.8852,35.8397],[-85.8734,35.8404],[-85.8729,35.8465],[-85.859,35.8467],[-85.8462,35.8455],[-85.8421,35.8469],[-85.8244,35.8474],[-85.8136,35.8458],[-85.8114,35.8502],[-85.7885,35.852],[-85.7875,35.843],[-85.7742,35.8426],[-85.776,35.8455],[-85.7677,35.8487],[-85.7571,35.8485],[-85.7518,35.85],[-85.7448,35.8486],[-85.7345,35.8438],[-85.7196,35.8428],[-85.7147,35.8388],[-85.6821,35.8313],[-85.6775,35.8336],[-85.6711,35.8314],[-85.6649,35.8265],[-85.6589,35.8259],[-85.6538,35.8279],[-85.6449,35.8385],[-85.6325,35.8474],[-85.6348,35.8539],[-85.6482,35.8539],[-85.6609,35.8491],[-85.6692,35.8494],[-85.6728,35.8565],[-85.6659,35.8619],[-85.653,35.8689],[-85.6468,35.8751],[-85.6373,35.8818],[-85.6375,35.8881],[-85.6449,35.8895],[-85.6532,35.8862],[-85.6681,35.8837],[-85.667,35.8888],[-85.6585,35.8916],[-85.6482,35.8982],[-85.647,35.9022],[-85.6517,35.9047],[-85.6517,35.9139],[-85.6587,35.9163],[-85.6544,35.9267],[-85.6626,35.9491],[-85.6629,35.9715],[-85.6466,35.9887],[-85.6442,36.0022],[-85.6407,36.0081],[-85.6446,36.0151],[-85.6534,36.0129],[-85.6554,36.0175],[-85.6682,36.0298],[-85.6867,36.0648],[-85.69,36.0687],[-85.6998,36.0708],[-85.7227,36.082],[-85.731,36.0817],[-85.7471,36.0774],[-85.7531,36.068],[-85.7569,36.0671],[-85.7671,36.0701],[-85.7686,36.0773],[-85.776,36.0783],[-85.7704,36.0895],[-85.7698,36.095],[-85.7781,36.1021],[-85.788,36.103],[-85.7899,36.1078],[-85.798,36.1168],[-85.7975,36.1218],[-85.8055,36.1271],[-85.8074,36.1316],[-85.8212,36.1242],[-85.8287,36.1226],[-85.8351,36.1282],[-85.839,36.128],[-85.8424,36.1196],[-85.8529,36.1203],[-85.855,36.1164],[-85.8528,36.1112],[-85.8599,36.1051],[-85.8616,36.1],[-85.8665,36.0941],[-85.8713,36.0975],[-85.8798,36.0975],[-85.8944,36.105],[-85.8928,36.1136],[-85.8989,36.1159],[-85.9101,36.1169],[-85.9109,36.1121],[-85.9156,36.1096],[-85.9113,36.0975],[-85.915,36.0972],[-85.9173,36.1025],[-85.9283,36.1041],[-85.932,36.1086],[-85.9379,36.1091],[-85.94,36.1059],[-85.9484,36.102],[-85.9571,36.108],[-85.9647,36.1088],[-85.9692,36.0991],[-85.9759,36.0976],[-85.9832,36.0933],[-85.9861,36.0871],[-86.0022,36.0876],[-86.0123,36.09],[-86.0134,36.0835],[-86.0246,36.0847],[-86.0282,36.0834],[-86.0427,36.0893],[-86.0562,36.0904],[-86.0597,36.086]]]},"properties":{"NAME":"DeKalb","NAMELSAD":"DeKalb County","GEOID":"47041"}},
{"type":"Feature","geometry":{"type":"Polygon","coordinates":[[[-87.7168,35.8388],[-87.7329,35.7263],[-87.7274,35.7256],[-87.7243,35.729],[-87.7169,35.7101],[-87.71,35.7101],[-87.7107,35.7036],[-87.724,35.7043],[-87.726,35.7015],[-87.7378,35.7023],[-87.7438,35.664],[-87.733,35.6559],[-87.7261,35.6545],[-87.7243,35.6504],[-87.7165,35.6468],[-87.7081,35.6454],[-87.7027,35.6394],[-87.6971,35.6386],[-87.6929,35.6345],[-87.6882,35.6343],[-87.6839,35.63],[-87.6768,35.6275],[-87.6758,35.6242],[-87.6615,35.6144],[-87.6582,35.6094],[-87.6469,35.6099],[-87.6402,35.6147],[-87.6354,35.6144],[-87.6317,35.6205],[-87.6181,35.6194],[-87.6176,35.6271],[-87.6234,35.6328],[-87.6134,35.6331],[-87.607,35.6362],[-87.6041,35.6427],[-87.5949,35.6465],[-87.5869,35.6533],[-87.5834,35.6516],[-87.5688,35.6523],[-87.5628,35.641],[-87.5546,35.6379],[-87.5492,35.6302],[-87.53,35.6262],[-87.5078,35.6284],[-87.4596,35.6151],[-87.4523,35.616],[-87.4483,35.6197],[-87.4187,35.6249],[-87.3574,35.6595],[-87.3543,35.6557],[-87.3462,35.6597],[-87.3392,35.6591],[-87.3351,35.6575],[-87.3291,35.659],[-87.3253,35.6578],[-87.3216,35.6609],[-87.3178,35.6715],[-87.3189,35.6744],[-87.3098,35.6804],[-87.3079,35.6861],[-87.298,35.6895],[-87.295,35.6953],[-87.2894,35.6969],[-87.266,35.6958],[-87.2615,35.6963],[-87.2558,35.7004],[-87.2507,35.7066],[-87.2533,35.7148],[-87.2628,35.7174],[-87.2621,35.72],[-87.2447,35.7208],[-87.2408,35.7237],[-87.2341,35.7247],[-87.2294,35.7501],[-87.2195,35.8189],[-87.2151,35.8507],[-87.2108,35.8751],[-87.2014,35.9406],[-87.2057,35.941],[-87.2042,35.9592],[-87.25,35.963],[-87.2742,35.9646],[-87.2769,35.9613],[-87.2858,35.9649],[-87.3022,35.9664],[-87.3019,35.9684],[-87.3762,35.9766],[-87.4899,35.9883],[-87.5345,35.9931],[-87.5298,35.9757],[-87.5325,35.9695],[-87.5383,35.966],[-87.5425,35.9662],[-87.5541,35.9574],[-87.5572,35.9507],[-87.5693,35.9478],[-87.5798,35.9519],[-87.5849,35.9478],[-87.5878,35.9534],[-87.599,35.9519],[-87.6024,35.95],[-87.6119,35.95],[-87.6108,35.9443],[-87.6162,35.9437],[-87.6199,35.9377],[-87.6264,35.9345],[-87.629,35.9308],[-87.6347,35.9301],[-87.6441,35.9224],[-87.6538,35.9213],[-87.6584,35.9155],[-87.6682,35.9176],[-87.6836,35.9161],[-87.6873,35.911],[-87.6961,35.9118],[-87.707,35.9059],[-87.7168,35.8388]]]},"properties":{"NAME":"Hickman","NAMELSAD":"Hickman County","GEOID":"47081"}},
{"type":"Feature","geometry":{"type":"Polygon","coordinates":[[[-85.4951,36.3023],[-85.494,36.2798],[-85.5083,36.2777],[-85.5098,36.2666],[-85.5126,36.2569],[-85.5202,36.2575],[-85.5199,36.2605],[-85.5306,36.2612],[-85.5339,36.2587],[-85.5348,36.2509],[-85.5337,36.2426],[-85.5387,36.2409],[-85.5399,36.236],[-85.5448,36.2343],[-85.5556,36.234],[-85.5596,36.2261],[-85.5575,36.2232],[-85.5682,36.221],[-85.5728,36.2223],[-85.5751,36.2305],[-85.5895,36.2297],[-85.59,36.2264],[-85.6002,36.2262],[-85.6043,36.2207],[-85.6131,36.2213],[-85.6135,36.2154],[-85.6199,36.2169],[-85.6342,36.2134],[-85.6368,36.2171],[-85.6433,36.2201],[-85.6502,36.2206],[-85.6541,36.2163],[-85.6597,36.2186],[-85.666,36.2238],[-85.6756,36.2225],[-85.686,36.2246],[-85.6903,36.2289],[-85.7023,36.225],[-85.7065,36.231],[-85.7187,36.2331],[-85.7248,36.2331],[-85.7323,36.2289],[-85.7396,36.2275],[-85.748,36.233],[-85.7532,36.2331],[-85.7566,36.2367],[-85.7627,36.2383],[-85.7701,36.246],[-85.7754,36.2453],[-85.7796,36.2489],[-85.7829,36.2447],[-85.7802,36.238],[-85.7825,36.2305],[-85.7786,36.2212],[-85.7831,36.2198],[-85.7815,36.2143],[-85.7862,36.2107],[-85.8039,36.2112],[-85.8092,36.2066],[-85.8067,36.204],[-85.7995,36.2063],[-85.7988,36.2014],[-85.8008,36.195],[-85.7955,36.1876],[-85.8005,36.1828],[-85.8048,36.1831],[-85.8031,36.1747],[-85.793,36.1735],[-85.7929,36.1797],[-85.7869,36.1802],[-85.7857,36.1724],[-85.8036,36.1704],[-85.8053,36.1652],[-85.8073,36.1478],[-85.8023,36.1406],[-85.8074,36.1316],[-85.8055,36.1271],[-85.7975,36.1218],[-85.798,36.1168],[-85.7899,36.1078],[-85.788,36.103],[-85.7781,36.1021],[-85.7698,36.095],[-85.7704,36.0895],[-85.776,36.0783],[-85.7686,36.0773],[-85.7671,36.0701],[-85.7569,36.0671],[-85.7531,36.068],[-85.7471,36.0774],[-85.731,36.0817],[-85.7227,36.082],[-85.6998,36.0708],[-85.69,36.0687],[-85.6867,36.0648],[-85.6682,36.0298],[-85.6554,36.0175],[-85.6534,36.0129],[-85.6446,36.0151],[-85.6433,36.0242],[-85.622,36.0335],[-85.6185,36.0409],[-85.6096,36.0461],[-85.5983,36.0418],[-85.5902,36.0415],[-85.5838,36.045],[-85.5821,36.0502],[-85.5843,36.0554],[-85.5828,36.0602],[-85.5775,36.0625],[-85.5703,36.0588],[-85.5605,36.0735],[-85.5522,36.0729],[-85.5454,36.0778],[-85.5077,36.082],[-85.499,36.0804],[-85.4376,36.0653],[-85.3906,36.0539],[-85.375,36.0524],[-85.3726,36.0498],[-85.3566,36.0459],[-85.3263,36.0302],[-85.3254,36.0331],[-85.3094,36.0316],[-85.3117,36.0226],[-85.3113,35.993],[-85.2642,35.9792],[-85.257,35.9785],[-85.2549,35.9965],[-85.2604,35.9967],[-85.2514,36.0405],[-85.2489,36.0405],[-85.2475,36.0506],[-85.2433,36.0549],[-85.2474,36.0632],[-85.2467,36.0679],[-85.2425,36.0726],[-85.2443,36.0796],[-85.2482,36.0845],[-85.2464,36.1007],[-85.2362,36.1006],[-85.2358,36.1058],[-85.1528,36.0996],[-85.1318,36.1283],[-85.1108,36.1331],[-85.1073,36.1329],[-85.1002,36.1386],[-85.1196,36.1447],[-85.2042,36.1525],[-85.2493,36.1706],[-85.2631,36.177],[-85.2658,36.181],[-85.2603,36.1858],[-85.2705,36.1859],[-85.2741,36.1816],[-85.2995,36.1923],[-85.3268,36.2009],[-85.3237,36.2039],[-85.3267,36.2179],[-85.3656,36.2206],[-85.3652,36.2262],[-85.3742,36.223],[-85.3786,36.2278],[-85.3858,36.226],[-85.4071,36.2344],[-85.4194,36.2362],[-85.4195,36.2415],[-85.4227,36.2453],[-85.4359,36.2472],[-85.4364,36.2537],[-85.433,36.2553],[-85.4357,36.2622],[-85.4431,36.259],[-85.4529,36.2615],[-85.4537,36.2768],[-85.4635,36.277],[-85.4658,36.2815],[-85.4539,36.281],[-85.4561,36.2889],[-85.4635,36.2935],[-85.4593,36.2981],[-85.4628,36.3032],[-85.468,36.3049],[-85.4714,36.302],[-85.4835,36.3037],[-85.49,36.2995],[-85.4951,36.3023]]]},"properties":{"NAME":"Putnam","NAMELSAD":"Putnam County","GEOID":"47141"}},
{"type":"Feature","geometry":{"type":"Polygon","coordinates":[[[-85.9851,35.6601],[-85.9844,35.6501],[-85.9781,35.6508],[-85.968,35.6317],[-85.9694,35.6257],[-85.964,35.6247],[-85.9652,35.6205],[-85.9583,35.6191],[-85.9542,35.6102],[-85.9502,35.6099],[-85.9515,35.5994],[-85.9544,35.5942],[-85.956,35.5862],[-85.9455,35.5848],[-85.9482,35.5734],[-85.9384,35.5723],[-85.9377,35.567],[-85.9344,35.563],[-85.9264,35.5593],[-85.9176,35.5528],[-85.9082,35.5537],[-85.9041,35.5514],[-85.9046,35.5413],[-85.8825,35.539],[-85.8847,35.5332],[-85.877,35.5241],[-85.874,35.529],[-85.8664,35.521],[-85.857,35.5205],[-85.8329,35.5153],[-85.8203,35.5046],[-85.8153,35.5058],[-85.8174,35.5135],[-85.7537,35.5242],[-85.7481,35.5243],[-85.7033,35.5287],[-85.6073,35.5317],[-85.5575,35.533],[-85.5811,35.5876],[-85.5946,35.6179],[-85.5945,35.6251],[-85.6021,35.6831],[-85.6051,35.7085],[-85.5997,35.7148],[-85.5964,35.7232],[-85.5987,35.7273],[-85.5927,35.7347],[-85.5997,35.7413],[-85.5955,35.7468],[-85.5967,35.7503],[-85.5919,35.7544],[-85.6014,35.7599],[-85.6107,35.7563],[-85.6042,35.7683],[-85.6079,35.7714],[-85.6024,35.7805],[-85.6001,35.7908],[-85.6029,35.795],[-85.6108,35.8046],[-85.6154,35.8017],[-85.6222,35.8018],[-85.6348,35.8086],[-85.6357,35.8134],[-85.6417,35.8167],[-85.6531,35.8164],[-85.6714,35.8207],[-85.6826,35.8273],[-85.6821,35.8313],[-85.7147,35.8388],[-85.7196,35.8428],[-85.7345,35.8438],[-85.7448,35.8486],[-85.7518,35.85],[-85.7571,35.8485],[-85.7677,35.8487],[-85.776,35.8455],[-85.7742,35.8426],[-85.7875,35.843],[-85.7885,35.852],[-85.8114,35.8502],[-85.8136,35.8458],[-85.8244,35.8474],[-85.8421,35.8469],[-85.8462,35.8455],[-85.859,35.8467],[-85.8729,35.8465],[-85.8734,35.8404],[-85.8852,35.8397],[-85.8856,35.8305],[-85.8979,35.8302],[-85.9139,35.8225],[-85.9421,35.7868],[-85.9357,35.7861],[-85.9348,35.7815],[-85.9431,35.7811],[-85.9548,35.7671],[-85.9636,35.7613],[-85.9849,35.7346],[-85.9864,35.731],[-85.9896,35.7114],[-85.9937,35.7058],[-85.9868,35.704],[-85.987,35.6971],[-85.9913,35.6974],[-85.9906,35.6808],[-85.985,35.6666],[-85.9851,35.6601]]]},"properties":{"NAME":"Warren","NAMELSAD":"Warren County","GEOID":"47177"}},
{"type":"Feature","geometry":{"type":"Polygon","coordinates":[[[-89.3461,36.5032],[-89.3911,36.4992],[-89.4182,36.499],[-89.4274,36.4852],[-89.4374,36.4748],[-89.4535,36.4618],[-89.4644,36.4578],[-89.4766,36.4584],[-89.4862,36.4621],[-89.4919,36.4679],[-89.4941,36.4763],[-89.4854,36.4975],[-89.5392,36.4979],[-89.5345,36.4914],[-89.5206,36.4787],[-89.5197,36.467],[-89.5234,36.4566],[-89.5273,36.4516],[-89.5434,36.4388],[-89.5453,36.4271],[-89.5423,36.4201],[-89.5253,36.4005],[-89.514,36.3849],[-89.5097,36.3736],[-89.5132,36.3599],[-89.519,36.3486],[-89.5227,36.3448],[-89.5318,36.3393],[-89.545,36.3368],[-89.5604,36.3378],[-89.5816,36.3424],[-89.6005,36.343],[-89.6107,36.3404],[-89.6158,36.3361],[-89.6198,36.3296],[-89.6203,36.323],[-89.6118,36.3091],[-89.5843,36.2933],[-89.5785,36.2883],[-89.555,36.278],[-89.5438,36.2802],[-89.5364,36.2728],[-89.5345,36.2618],[-89.5347,36.2528],[-89.5385,36.2492],[-89.5458,36.2475],[-89.558,36.251],[-89.5641,36.2505],[-89.5739,36.2438],[-89.5873,36.2395],[-89.6024,36.2381],[-89.6112,36.2393],[-89.6368,36.2481],[-89.6514,36.2507],[-89.678,36.2483],[-89.6862,36.2495],[-89.6952,36.2528],[-89.6986,36.2506],[-89.7053,36.2399],[-89.7053,36.2366],[-89.6926,36.225],[-89.6796,36.2159],[-89.6549,36.2015],[-89.6369,36.189],[-89.6295,36.1854],[-89.4962,36.1876],[-89.4883,36.1876],[-89.4856,36.1945],[-89.4867,36.1998],[-89.483,36.2127],[-89.4858,36.2209],[-89.4716,36.2261],[-89.458,36.227],[-89.4512,36.2297],[-89.4437,36.2366],[-89.429,36.2593],[-89.4206,36.2791],[-89.4162,36.2923],[-89.4043,36.3137],[-89.4011,36.3237],[-89.4006,36.3318],[-89.4049,36.3511],[-89.3806,36.3771],[-89.3601,36.4093],[-89.3679,36.4244],[-89.3692,36.4343],[-89.3654,36.4476],[-89.3601,36.4565],[-89.3449,36.4706],[-89.3404,36.476],[-89.3436,36.4853],[-89.3461,36.5032]]]},"properties":{"NAME":"Lake","NAMELSAD":"Lake County","GEOID":"47095"}},
{"type":"Feature","geometry":{"type":"Polygon","coordinates":[[[-83.4671,36.1747],[-83.4835,36.1671],[-83.4929,36.1661],[-83.5056,36.1691],[-83.5155,36.1781],[-83.5217,36.1747],[-83.5242,36.1651],[-83.5287,36.1625],[-83.5334,36.1656],[-83.5358,36.1707],[-83.536,36.1793],[-83.5411,36.182],[-83.5493,36.1796],[-83.5591,36.1805],[-83.5595,36.188],[-83.563,36.192],[-83.5673,36.1901],[-83.5666,36.1828],[-83.5619,36.1735],[-83.5644,36.1665],[-83.569,36.1656],[-83.578,36.1683],[-83.583,36.1662],[-83.5809,36.1555],[-83.5887,36.1549],[-83.5886,36.1632],[-83.5909,36.1665],[-83.5978,36.1642],[-83.6018,36.1509],[-83.5996,36.1429],[-83.6107,36.1306],[-83.6147,36.1356],[-83.6176,36.143],[-83.6294,36.139],[-83.6328,36.1445],[-83.6379,36.1432],[-83.6397,36.1325],[-83.6389,36.1286],[-83.6277,36.123],[-83.6289,36.1045],[-83.6321,36.0998],[-83.6413,36.0971],[-83.6516,36.1],[-83.6546,36.1057],[-83.6479,36.1139],[-83.6521,36.1223],[-83.6515,36.1252],[-83.6595,36.1262],[-83.66,36.1217],[-83.6664,36.1218],[-83.6668,36.1267],[-83.6726,36.126],[-83.6756,36.1209],[-83.6676,36.099],[-83.6601,36.0913],[-83.6594,36.0855],[-83.6675,36.0806],[-83.6747,36.0818],[-83.6913,36.0946],[-83.6991,36.0962],[-83.7063,36.0952],[-83.7101,36.0915],[-83.7099,36.087],[-83.7003,36.0712],[-83.6934,36.0645],[-83.692,36.061],[-83.6849,36.0575],[-83.6847,36.0545],[-83.6712,36.0531],[-83.6752,36.0482],[-83.6733,36.0385],[-83.6586,36.0364],[-83.6554,36.043],[-83.6189,36.0193],[-83.6137,36.0136],[-83.6075,36.0157],[-83.5821,36.0001],[-83.5255,35.9646],[-83.5215,35.963],[-83.5163,35.9557],[-83.5182,35.9509],[-83.5083,35.9424],[-83.5083,35.9394],[-83.4879,35.9351],[-83.4903,35.9281],[-83.4837,35.928],[-83.4771,35.9301],[-83.4749,35.9229],[-83.4651,35.9248],[-83.4603,35.9231],[-83.4544,35.9245],[-83.4532,35.9288],[-83.4394,35.9289],[-83.4354,35.9237],[-83.4296,35.9252],[-83.416,35.9332],[-83.4072,35.9289],[-83.3989,35.933],[-83.3913,35.9314],[-83.3893,35.928],[-83.3921,35.9198],[-83.3875,35.9136],[-83.3797,35.9157],[-83.3714,35.9142],[-83.3604,35.9189],[-83.3534,35.9196],[-83.3378,35.9119],[-83.3311,35.9119],[-83.3227,35.9074],[-83.3108,35.8959],[-83.3058,35.9002],[-83.2979,35.9015],[-83.2937,35.9106],[-83.2767,36.0077],[-83.2716,36.0007],[-83.2621,35.9974],[-83.2581,36.004],[-83.26,36.0156],[-83.2577,36.0241],[-83.2614,36.0339],[-83.2567,36.0443],[-83.2439,36.0474],[-83.2408,36.0516],[-83.2402,36.0574],[-83.2448,36.0622],[-83.2498,36.0747],[-83.2539,36.0822],[-83.2466,36.0885],[-83.2405,36.0888],[-83.2346,36.0851],[-83.2392,36.0929],[-83.242,36.1013],[-83.2591,36.1206],[-83.2745,36.1308],[-83.2937,36.1382],[-83.3304,36.1455],[-83.3318,36.1438],[-83.373,36.1538],[-83.3883,36.1536],[-83.3839,36.1491],[-83.3864,36.1424],[-83.391,36.1457],[-83.391,36.1518],[-83.3939,36.1552],[-83.4081,36.1541],[-83.4588,36.1554],[-83.4671,36.1747]]]},"properties":{"NAME":"Jefferson","NAMELSAD":"Jefferson County","GEOID":"47089"}},
{"type":"Feature","geometry":{"type":"Polygon","coordinates":[[[-89.356,35.8176],[-89.3637,35.8191],[-89.4018,35.8227],[-89.4053,35.8135],[-89.4054,35.8089],[-89.4113,35.8032],[-89.4191,35.799],[-89.4215,35.7882],[-89.4313,35.7826],[-89.4326,35.7712],[-89.4397,35.7659],[-89.4399,35.7476],[-89.4275,35.7474],[-89.4277,35.7402],[-89.4322,35.7394],[-89.4324,35.7299],[-89.4527,35.6826],[-89.4664,35.6827],[-89.4683,35.6251],[-89.47,35.5952],[-89.4827,35.594],[-89.5021,35.5806],[-89.4981,35.5756],[-89.4938,35.5768],[-89.4842,35.5744],[-89.4889,35.5714],[-89.4774,35.5608],[-89.4803,35.5567],[-89.4806,35.5506],[-89.4832,35.5469],[-89.4699,35.5466],[-89.4716,35.5001],[-89.4718,35.4866],[-89.4742,35.403],[-89.4385,35.4021],[-89.4386,35.4011],[-89.3475,35.3995],[-89.3475,35.4003],[-89.2476,35.3983],[-89.1839,35.3971],[-89.1826,35.4328],[-89.0789,35.4314],[-89.0757,35.5001],[-89.0741,35.5552],[-89.0699,35.671],[-89.0695,35.6927],[-89.0753,35.6935],[-89.0804,35.6971],[-89.0847,35.6945],[-89.0898,35.6982],[-89.0947,35.698],[-89.1023,35.7012],[-89.1171,35.6993],[-89.1286,35.7099],[-89.1423,35.7198],[-89.1561,35.7281],[-89.1717,35.7357],[-89.1902,35.7429],[-89.2044,35.7472],[-89.2237,35.7508],[-89.2404,35.7529],[-89.2712,35.7549],[-89.2707,35.7573],[-89.2818,35.7683],[-89.291,35.7739],[-89.2937,35.7718],[-89.3039,35.774],[-89.3056,35.7717],[-89.3137,35.7755],[-89.326,35.7871],[-89.3311,35.7877],[-89.3362,35.7919],[-89.3398,35.7907],[-89.3456,35.7958],[-89.3474,35.807],[-89.3563,35.8143],[-89.356,35.8176]]]},"properties":{"NAME":"Haywood","NAMELSAD":"Haywood County","GEOID":"47075"}},
{"type":"Feature","geometry":{"type":"Polygon","coordinates":[[[-87.2945,35.4447],[-87.327,35.4477],[-87.3258,35.4564],[-87.3558,35.4551],[-87.3738,35.4579],[-87.4485,35.4579],[-87.4488,35.4206],[-87.4621,35.4222],[-87.4784,35.4227],[-87.4783,35.4147],[-87.5096,35.4147],[-87.5154,35.4118],[-87.5168,35.3982],[-87.5367,35.3987],[-87.5754,35.3985],[-87.577,35.3192],[-87.5783,35.2718],[-87.5789,35.187],[-87.5727,35.1905],[-87.5778,35.1594],[-87.5834,35.1555],[-87.5834,35.1431],[-87.5904,35.1428],[-87.5888,35.0584],[-87.5834,35.0584],[-87.5836,35.0539],[-87.5798,35.045],[-87.5787,35.0349],[-87.5864,35.0346],[-87.6057,35.0359],[-87.6075,35.0223],[-87.6119,35.019],[-87.6103,35.0106],[-87.606,35.0034],[-87.5742,35.0036],[-87.5225,35.0031],[-87.4608,35.0027],[-87.43,35.0028],[-87.3036,35.001],[-87.2241,34.9994],[-87.2235,35.0021],[-87.224,35.0306],[-87.2249,35.0465],[-87.218,35.0953],[-87.2128,35.095],[-87.2113,35.1039],[-87.2168,35.1046],[-87.214,35.1233],[-87.2026,35.1217],[-87.2001,35.133],[-87.2089,35.1342],[-87.205,35.1523],[-87.1987,35.1517],[-87.1984,35.1626],[-87.2149,35.1655],[-87.2205,35.1689],[-87.2217,35.1734],[-87.2187,35.1823],[-87.2166,35.1987],[-87.2197,35.2036],[-87.211,35.2029],[-87.2095,35.2091],[-87.2178,35.2097],[-87.2133,35.2276],[-87.2191,35.2276],[-87.217,35.246],[-87.2153,35.2866],[-87.2324,35.2877],[-87.2321,35.2927],[-87.2228,35.2924],[-87.2224,35.296],[-87.2151,35.2958],[-87.2147,35.3259],[-87.214,35.3463],[-87.2142,35.3719],[-87.215,35.3813],[-87.2119,35.407],[-87.2066,35.4332],[-87.2173,35.4384],[-87.2263,35.4405],[-87.2257,35.4337],[-87.2279,35.4293],[-87.2952,35.4421],[-87.2945,35.4447]]]},"properties":{"NAME":"Lawrence","NAMELSAD":"Lawrence County","GEOID":"47099"}},
{"type":"Feature","geometry":{"type":"Polygon","coordinates":[[[-82.8304,36.5938],[-82.8619,36.5814],[-82.884,36.5732],[-82.9137,36.5589],[-82.9256,36.5544],[-82.9505,36.543],[-82.9608,36.5552],[-82.9704,36.5522],[-82.9743,36.5487],[-82.9839,36.5445],[-82.9902,36.5619],[-82.9983,36.5593],[-83.0045,36.5641],[-83.0108,36.5637],[-83.023,36.5559],[-83.0272,36.5512],[-83.0341,36.549],[-83.0405,36.5519],[-83.1038,36.5217],[-83.106,36.5174],[-83.1194,36.5143],[-83.1256,36.5107],[-83.1234,36.5075],[-83.1275,36.5024],[-83.1344,36.4973],[-83.1451,36.4924],[-83.1457,36.4894],[-83.1578,36.4825],[-83.1632,36.4779],[-83.1627,36.4737],[-83.1672,36.4713],[-83.1622,36.4618],[-83.192,36.4506],[-83.2001,36.4484],[-83.2022,36.4438],[-83.2069,36.4416],[-83.201,36.4324],[-83.1975,36.4317],[-83.1939,36.4243],[-83.2022,36.4215],[-83.209,36.4165],[-83.2228,36.4102],[-83.2346,36.4078],[-83.2615,36.3986],[-83.279,36.3942],[-83.2806,36.3947],[-83.2739,36.3847],[-83.2825,36.3824],[-83.2889,36.3788],[-83.2831,36.3715],[-83.2733,36.3702],[-83.2645,36.3453],[-83.2656,36.3278],[-83.2737,36.3227],[-83.2737,36.3191],[-83.2638,36.3054],[-83.2553,36.2891],[-83.2508,36.2883],[-83.2408,36.283],[-83.2337,36.2818],[-83.2322,36.2882],[-83.24,36.2915],[-83.2376,36.2952],[-83.2318,36.2967],[-83.2156,36.2935],[-83.21,36.3054],[-83.2003,36.307],[-83.1969,36.3098],[-83.1972,36.3144],[-83.2017,36.3184],[-83.1967,36.3222],[-83.1808,36.3121],[-83.175,36.3135],[-83.1747,36.3175],[-83.1804,36.3234],[-83.1826,36.3362],[-83.1796,36.3398],[-83.1743,36.3389],[-83.1655,36.3422],[-83.1626,36.3453],[-83.1543,36.3423],[-83.1586,36.3395],[-83.1599,36.3329],[-83.1486,36.323],[-83.1517,36.3182],[-83.1343,36.2961],[-83.1273,36.2904],[-83.1211,36.2892],[-83.1215,36.2844],[-83.1095,36.2824],[-83.1103,36.2775],[-83.1019,36.2734],[-83.1029,36.266],[-83.0941,36.2535],[-83.0829,36.2465],[-83.0823,36.2423],[-83.0737,36.2419],[-83.0613,36.2523],[-83.0543,36.2558],[-83.048,36.2616],[-83.0493,36.2657],[-83.0425,36.2674],[-83.0325,36.2762],[-83.024,36.2742],[-83.0213,36.2697],[-82.9989,36.2837],[-82.9878,36.2916],[-82.9768,36.3015],[-82.9764,36.3052],[-82.9676,36.3164],[-82.9624,36.3157],[-82.9573,36.3188],[-82.9423,36.3319],[-82.9366,36.3349],[-82.9279,36.334],[-82.9155,36.3287],[-82.908,36.3329],[-82.9039,36.3386],[-82.8957,36.3461],[-82.886,36.3529],[-82.8743,36.3531],[-82.8598,36.3643],[-82.854,36.3608],[-82.8405,36.3707],[-82.8291,36.3657],[-82.8256,36.3685],[-82.8203,36.3681],[-82.815,36.3639],[-82.8093,36.3656],[-82.7955,36.3742],[-82.7797,36.3883],[-82.775,36.3839],[-82.7671,36.3819],[-82.7561,36.3834],[-82.7507,36.3864],[-82.7301,36.4027],[-82.7269,36.4045],[-82.7158,36.4015],[-82.7026,36.4104],[-82.6886,36.4177],[-82.6866,36.4199],[-82.6764,36.4231],[-82.6807,36.4318],[-82.6883,36.4358],[-82.6894,36.4441],[-82.6941,36.4446],[-82.6981,36.4524],[-82.7023,36.4558],[-82.6954,36.4587],[-82.6791,36.4702],[-82.6561,36.4811],[-82.6436,36.4862],[-82.6268,36.4954],[-82.6298,36.4993],[-82.6303,36.5078],[-82.6277,36.5136],[-82.6102,36.5193],[-82.6126,36.5484],[-82.6163,36.5572],[-82.6124,36.5629],[-82.6172,36.5691],[-82.6164,36.5796],[-82.6126,36.5784],[-82.6088,36.5715],[-82.6,36.5766],[-82.6092,36.5941],[-82.6226,36.5938],[-82.7378,36.5936],[-82.8304,36.5938]]]},"properties":{"NAME":"Hawkins","NAMELSAD":"Hawkins County","GEOID":"47073"}},
{"type":"Feature","geometry":{"type":"Polygon","coordinates":[[[-84.0043,36.2704],[-84.0098,36.2703],[-83.9964,36.2533],[-83.9978,36.2499],[-83.9876,36.2361],[-83.9774,36.2272],[-83.9691,36.2101],[-83.9605,36.2017],[-83.9464,36.1913],[-83.9417,36.1864],[-83.9345,36.179],[-83.9227,36.1694],[-83.9061,36.169],[-83.9052,36.1609],[-83.9005,36.1645],[-83.904,36.169],[-83.7327,36.1646],[-83.7149,36.1735],[-83.7219,36.1767],[-83.7284,36.1821],[-83.7283,36.1874],[-83.7211,36.1885],[-83.7158,36.192],[-83.7194,36.1955],[-83.7169,36.1998],[-83.703,36.205],[-83.7002,36.2076],[-83.6935,36.2375],[-83.6955,36.2544],[-83.7045,36.2502],[-83.7027,36.2732],[-83.6895,36.2791],[-83.6865,36.2899],[-83.6822,36.292],[-83.683,36.2973],[-83.6891,36.296],[-83.6756,36.3263],[-83.6821,36.3309],[-83.6748,36.3375],[-83.6709,36.3355],[-83.6674,36.3444],[-83.6814,36.357],[-83.6907,36.3603],[-83.6973,36.3657],[-83.7021,36.3627],[-83.7111,36.3462],[-83.7218,36.3427],[-83.733,36.345],[-83.7389,36.3525],[-83.7431,36.353],[-83.7466,36.3593],[-83.7436,36.3613],[-83.7434,36.3696],[-83.7483,36.3713],[-83.7507,36.3801],[-83.7579,36.384],[-83.7606,36.3921],[-83.7662,36.3992],[-83.775,36.4049],[-83.7804,36.4056],[-83.7951,36.4133],[-83.796,36.4168],[-83.7919,36.4209],[-83.798,36.4241],[-83.8012,36.4182],[-83.8054,36.4166],[-83.8079,36.4224],[-83.799,36.428],[-83.8005,36.4328],[-83.8055,36.4359],[-83.8201,36.4289],[-83.8326,36.42],[-83.8404,36.4274],[-83.8519,36.428],[-83.8535,36.4319],[-83.8612,36.4347],[-83.8708,36.4311],[-83.8847,36.4213],[-83.8895,36.424],[-83.8942,36.4199],[-83.9056,36.42],[-83.9033,36.4183],[-83.9064,36.4103],[-83.9041,36.4049],[-83.9072,36.3991],[-83.915,36.394],[-83.9212,36.3879],[-83.9258,36.3879],[-83.9315,36.3932],[-83.939,36.3943],[-83.95,36.4011],[-83.9524,36.4],[-83.9559,36.3898],[-83.9536,36.3842],[-83.9583,36.38],[-83.9533,36.3758],[-83.9499,36.369],[-83.9534,36.3637],[-83.9647,36.3592],[-83.9684,36.3546],[-83.9617,36.3468],[-83.9698,36.3465],[-83.9714,36.3426],[-83.9699,36.3334],[-83.9716,36.3287],[-83.974,36.3064],[-83.9779,36.3057],[-83.974,36.2983],[-83.9831,36.2892],[-83.9857,36.2815],[-83.9927,36.2837],[-83.9993,36.2814],[-84.0007,36.2717],[-84.0043,36.2704]]]},"properties":{"NAME":"Union","NAMELSAD":"Union County","GEOID":"47173"}},
{"type":"Feature","geometry":{"type":"Polygon","coordinates":[[[-83.7943,35.8871],[-83.8118,35.8784],[-83.8123,35.8747],[-83.8243,35.8669],[-83.8296,35.8623],[-83.8437,35.8469],[-83.8535,35.8411],[-83.888,35.8445],[-83.8955,35.8484],[-83.9075,35.8466],[-83.9068,35.8544],[-83.9327,35.868],[-83.9391,35.8676],[-83.9453,35.8735],[-83.9505,35.8754],[-83.9614,35.8736],[-83.9651,35.8673],[-83.9754,35.8634],[-83.9816,35.8688],[-83.9831,35.8736],[-83.9872,35.8778],[-83.9929,35.8798],[-83.994,35.8832],[-84.0001,35.8828],[-84.003,35.8784],[-84.0086,35.8751],[-84.0268,35.8773],[-84.0287,35.8737],[-84.0244,35.8693],[-84.0181,35.869],[-84.0114,35.8653],[-84.0077,35.8586],[-84.0067,35.8489],[-84.0094,35.8442],[-84.0165,35.8395],[-84.0252,35.8417],[-84.0278,35.8486],[-84.0314,35.852],[-84.0396,35.8538],[-84.0499,35.8513],[-84.0522,35.8447],[-84.05,35.834],[-84.055,35.8276],[-84.0583,35.8273],[-84.0679,35.8316],[-84.0702,35.8375],[-84.0701,35.8441],[-84.079,35.8508],[-84.089,35.8493],[-84.1031,35.8441],[-84.1173,35.8324],[-84.1246,35.8315],[-84.1264,35.8355],[-84.1226,35.8408],[-84.123,35.8444],[-84.1317,35.8511],[-84.1457,35.8496],[-84.1471,35.845],[-84.1345,35.8351],[-84.1349,35.8313],[-84.1418,35.8236],[-84.1426,35.8185],[-84.1376,35.806],[-84.1395,35.8001],[-84.1443,35.7958],[-84.1524,35.7938],[-84.1597,35.7952],[-84.1621,35.8019],[-84.1663,35.8051],[-84.1727,35.8044],[-84.171,35.798],[-84.1711,35.786],[-84.1723,35.7798],[-84.1795,35.7685],[-84.1637,35.7652],[-84.152,35.7576],[-84.154,35.7539],[-84.1625,35.7474],[-84.168,35.7416],[-84.1721,35.7321],[-84.171,35.7254],[-84.1728,35.7128],[-84.1606,35.6955],[-84.1621,35.6874],[-84.1608,35.6833],[-84.1538,35.6739],[-84.1476,35.6691],[-84.1418,35.6691],[-84.1347,35.6646],[-84.1331,35.6607],[-84.1375,35.6584],[-84.1345,35.6474],[-84.1449,35.6416],[-84.1454,35.6358],[-84.1517,35.6275],[-84.1577,35.624],[-84.1854,35.611],[-84.1883,35.6106],[-84.1819,35.5989],[-84.1709,35.5934],[-84.1489,35.5913],[-84.1487,35.5838],[-84.14,35.5836],[-84.1403,35.5808],[-84.1275,35.5783],[-84.1123,35.5875],[-84.1098,35.5844],[-84.1104,35.5776],[-84.1044,35.5751],[-84.0962,35.5755],[-84.0962,35.568],[-84.0896,35.5598],[-84.0948,35.5533],[-84.0888,35.5437],[-84.0816,35.5412],[-84.0681,35.5464],[-84.0518,35.5464],[-84.043,35.5422],[-84.03,35.5466],[-84.0144,35.5463],[-84.0088,35.5533],[-83.9999,35.5547],[-83.9938,35.55],[-83.9971,35.5411],[-83.9925,35.5307],[-83.995,35.5263],[-84.0026,35.5241],[-84.0109,35.5161],[-84.0098,35.511],[-84.0017,35.5044],[-83.9919,35.4994],[-83.9894,35.4899],[-83.9844,35.4867],[-83.9807,35.4879],[-83.9759,35.5007],[-83.9689,35.499],[-83.9618,35.4917],[-83.9577,35.4897],[-83.9442,35.4907],[-83.9394,35.4853],[-83.9438,35.4807],[-83.9652,35.4711],[-83.9655,35.4669],[-83.9611,35.4638],[-83.953,35.4605],[-83.9492,35.4611],[-83.937,35.4714],[-83.9119,35.4761],[-83.9058,35.4887],[-83.9013,35.4914],[-83.9015,35.4966],[-83.8899,35.5047],[-83.8803,35.5188],[-83.8729,35.5209],[-83.8688,35.52],[-83.8572,35.5216],[-83.8493,35.5186],[-83.8321,35.5246],[-83.8256,35.5243],[-83.8114,35.5326],[-83.8026,35.5416],[-83.7947,35.5457],[-83.7804,35.5505],[-83.7706,35.5617],[-83.7596,35.5626],[-83.7551,35.5646],[-83.7476,35.5604],[-83.7364,35.5655],[-83.7225,35.5624],[-83.714,35.5642],[-83.7066,35.5686],[-83.7011,35.5675],[-83.6828,35.5688],[-83.6798,35.5703],[-83.663,35.5695],[-83.6633,35.6169],[-83.6628,35.6251],[-83.6628,35.6906],[-83.6677,35.6866],[-83.6743,35.6855],[-83.679,35.6879],[-83.6825,35.7007],[-83.68,35.7065],[-83.6822,35.7098],[-83.6875,35.7101],[-83.6954,35.7075],[-83.7053,35.7116],[-83.7013,35.7193],[-83.7081,35.7207],[-83.7083,35.7272],[-83.7165,35.729],[-83.7189,35.7477],[-83.73,35.7543],[-83.7287,35.7624],[-83.7473,35.7984],[-83.7467,35.8016],[-83.7395,35.8068],[-83.7499,35.8087],[-83.7573,35.8175],[-83.7722,35.8457],[-83.769,35.8475],[-83.7736,35.8529],[-83.7777,35.8519],[-83.7794,35.8593],[-83.7844,35.8688],[-83.7842,35.8792],[-83.7943,35.8871]]]},"properties":{"NAME":"Blount","NAMELSAD":"Blount County","GEOID":"47009"}},
{"type":"Feature","geometry":{"type":"Polygon","coordinates":[[[-88.6136,35.5881],[-88.6142,35.5692],[-88.6344,35.5361],[-88.6759,35.4892],[-88.8158,35.4275],[-88.8416,35.4278],[-88.842,35.3845],[-88.8268,35.3711],[-88.7982,35.3386],[-88.7952,35.3292],[-88.7954,35.3239],[-88.7818,35.2476],[-88.7198,35.2476],[-88.716,35.2581],[-88.7071,35.2579],[-88.7062,35.2652],[-88.6991,35.2884],[-88.6893,35.3102],[-88.684,35.3178],[-88.6749,35.3234],[-88.6727,35.319],[-88.6727,35.3125],[-88.6601,35.3125],[-88.6618,35.3206],[-88.662,35.3361],[-88.6631,35.3403],[-88.6504,35.3516],[-88.6409,35.361],[-88.6075,35.3703],[-88.5908,35.377],[-88.5718,35.3821],[-88.5698,35.3751],[-88.5612,35.3697],[-88.5617,35.3767],[-88.5665,35.3823],[-88.522,35.3851],[-88.5218,35.3793],[-88.5087,35.3797],[-88.5077,35.3849],[-88.4872,35.3852],[-88.4603,35.3842],[-88.3975,35.3811],[-88.3835,35.3809],[-88.3839,35.3751],[-88.3706,35.3748],[-88.371,35.3807],[-88.3626,35.381],[-88.3619,35.3971],[-88.3555,35.397],[-88.3553,35.4031],[-88.3518,35.4067],[-88.3615,35.4089],[-88.3608,35.419],[-88.364,35.4928],[-88.3779,35.4929],[-88.4026,35.4846],[-88.4146,35.4823],[-88.4164,35.4875],[-88.4213,35.489],[-88.4414,35.4903],[-88.4691,35.4959],[-88.5054,35.512],[-88.519,35.5222],[-88.5296,35.5318],[-88.5448,35.5491],[-88.5564,35.5674],[-88.5656,35.5871],[-88.576,35.5886],[-88.5878,35.5873],[-88.5915,35.591],[-88.5996,35.5917],[-88.6087,35.5857],[-88.6136,35.5881]]]},"properties":{"NAME":"Chester","NAMELSAD":"Chester County","GEOID":"47023"}},
{"type":"Feature","geometry":{"type":"Polygon","coordinates":[[[-85.828,36.4118],[-85.8303,36.3906],[-85.8358,36.3519],[-85.8312,36.3512],[-85.8293,36.3438],[-85.8374,36.3417],[-85.8393,36.3321],[-85.8465,36.2882],[-85.838,36.2818],[-85.8355,36.2771],[-85.8346,36.267],[-85.8277,36.2553],[-85.8239,36.2513],[-85.8134,36.2488],[-85.8064,36.2512],[-85.8043,36.2558],[-85.7916,36.2513],[-85.7802,36.238],[-85.7829,36.2447],[-85.7796,36.2489],[-85.7754,36.2453],[-85.7701,36.246],[-85.7627,36.2383],[-85.7566,36.2367],[-85.7532,36.2331],[-85.748,36.233],[-85.7396,36.2275],[-85.7323,36.2289],[-85.7248,36.2331],[-85.7187,36.2331],[-85.7065,36.231],[-85.7023,36.225],[-85.6903,36.2289],[-85.686,36.2246],[-85.6756,36.2225],[-85.666,36.2238],[-85.6597,36.2186],[-85.6541,36.2163],[-85.6502,36.2206],[-85.6433,36.2201],[-85.6368,36.2171],[-85.6342,36.2134],[-85.6199,36.2169],[-85.6135,36.2154],[-85.6131,36.2213],[-85.6043,36.2207],[-85.6002,36.2262],[-85.59,36.2264],[-85.5895,36.2297],[-85.5751,36.2305],[-85.5728,36.2223],[-85.5682,36.221],[-85.5575,36.2232],[-85.5596,36.2261],[-85.5556,36.234],[-85.5448,36.2343],[-85.5399,36.236],[-85.5387,36.2409],[-85.5337,36.2426],[-85.5348,36.2509],[-85.5339,36.2587],[-85.5306,36.2612],[-85.5199,36.2605],[-85.5202,36.2575],[-85.5126,36.2569],[-85.5098,36.2666],[-85.5083,36.2777],[-85.494,36.2798],[-85.4951,36.3023],[-85.4973,36.3726],[-85.4954,36.4031],[-85.5049,36.4078],[-85.5126,36.4182],[-85.5191,36.4233],[-85.5193,36.4262],[-85.5289,36.4341],[-85.53,36.4377],[-85.5444,36.4453],[-85.5608,36.4599],[-85.5644,36.4752],[-85.567,36.4763],[-85.576,36.4716],[-85.5899,36.4757],[-85.5983,36.4765],[-85.6157,36.482],[-85.625,36.4839],[-85.6406,36.4905],[-85.6674,36.496],[-85.6961,36.496],[-85.6964,36.5024],[-85.7034,36.5149],[-85.7041,36.5224],[-85.7271,36.5199],[-85.7356,36.5181],[-85.7181,36.5012],[-85.7158,36.4975],[-85.7536,36.4991],[-85.7671,36.5172],[-85.8139,36.4995],[-85.828,36.4118]]]},"properties":{"NAME":"Jackson","NAMELSAD":"Jackson County","GEOID":"47087"}},
{"type":"Feature","geometry":{"type":"Polygon","coordinates":[[[-86.2576,35.4125],[-86.2786,35.4104],[-86.288,35.4073],[-86.2943,35.392],[-86.3116,35.3855],[-86.3162,35.3823],[-86.3295,35.377],[-86.339,35.3675],[-86.3473,35.3618],[-86.3603,35.362],[-86.365,35.3516],[-86.3742,35.3566],[-86.375,35.3532],[-86.3686,35.3516],[-86.3712,35.348],[-86.3897,35.35],[-86.3976,35.349],[-86.4006,35.3454],[-86.4093,35.3466],[-86.4121,35.3292],[-86.4217,35.3193],[-86.4259,35.3192],[-86.4387,35.3226],[-86.4442,35.3207],[-86.4495,35.3246],[-86.4595,35.3277],[-86.4599,35.3308],[-86.4653,35.337],[-86.4692,35.3363],[-86.4765,35.3394],[-86.4753,35.3437],[-86.4803,35.3459],[-86.4812,35.3529],[-86.4851,35.3606],[-86.4924,35.3621],[-86.4995,35.36],[-86.5079,35.3603],[-86.5149,35.3571],[-86.5253,35.3547],[-86.5395,35.3354],[-86.5297,35.3213],[-86.531,35.3179],[-86.5273,35.3115],[-86.5153,35.3106],[-86.4613,35.2928],[-86.4611,35.2846],[-86.4525,35.2844],[-86.4446,35.2798],[-86.4456,35.2752],[-86.4371,35.2752],[-86.4355,35.2707],[-86.438,35.2673],[-86.4344,35.2642],[-86.426,35.2656],[-86.4261,35.2595],[-86.4156,35.2607],[-86.411,35.2595],[-86.4121,35.2543],[-86.4205,35.2539],[-86.4198,35.2437],[-86.4238,35.2373],[-86.4188,35.2352],[-86.4142,35.2281],[-86.4087,35.2282],[-86.4109,35.2346],[-86.4086,35.238],[-86.3922,35.2354],[-86.3922,35.2284],[-86.3789,35.2046],[-86.3796,35.1972],[-86.3738,35.1882],[-86.3744,35.1828],[-86.3704,35.1791],[-86.3685,35.1716],[-86.3713,35.1697],[-86.3695,35.1589],[-86.3706,35.1443],[-86.3679,35.1409],[-86.3701,35.136],[-86.3691,35.1287],[-86.3662,35.1244],[-86.3601,35.1231],[-86.3552,35.1309],[-86.3564,35.1406],[-86.3545,35.1442],[-86.3491,35.1455],[-86.3488,35.1359],[-86.3448,35.1295],[-86.3372,35.1289],[-86.332,35.1234],[-86.3264,35.1229],[-86.3182,35.127],[-86.3128,35.1339],[-86.3214,35.137],[-86.3333,35.1465],[-86.328,35.1495],[-86.3169,35.1465],[-86.3198,35.1531],[-86.32,35.1613],[-86.3167,35.1689],[-86.3119,35.1723],[-86.301,35.1732],[-86.3015,35.1774],[-86.3108,35.1811],[-86.3062,35.1875],[-86.3118,35.1955],[-86.309,35.1981],[-86.3018,35.1988],[-86.3019,35.2066],[-86.2937,35.2073],[-86.2959,35.2181],[-86.3076,35.2176],[-86.3147,35.2153],[-86.3162,35.2198],[-86.3083,35.2224],[-86.2975,35.2222],[-86.2993,35.2308],[-86.2979,35.2356],[-86.2857,35.2422],[-86.2812,35.2418],[-86.2787,35.2501],[-86.2863,35.2568],[-86.2833,35.2615],[-86.2839,35.268],[-86.2792,35.2725],[-86.2724,35.2732],[-86.2675,35.2767],[-86.274,35.2806],[-86.2734,35.2861],[-86.2672,35.2857],[-86.2662,35.2977],[-86.2558,35.2958],[-86.2507,35.3059],[-86.2538,35.3061],[-86.2519,35.3152],[-86.2462,35.3181],[-86.2453,35.3237],[-86.2554,35.3278],[-86.2602,35.3277],[-86.2615,35.3336],[-86.2664,35.3386],[-86.2454,35.3474],[-86.2443,35.3561],[-86.2585,35.358],[-86.262,35.3657],[-86.273,35.3664],[-86.2724,35.3706],[-86.2583,35.3711],[-86.2571,35.3807],[-86.2533,35.3853],[-86.2799,35.3875],[-86.2673,35.398],[-86.261,35.3978],[-86.2609,35.4043],[-86.2517,35.4034],[-86.2515,35.409],[-86.2576,35.4125]]]},"properties":{"NAME":"Moore","NAMELSAD":"Moore County","GEOID":"47127"}},
{"type":"Feature","geometry":{"type":"Polygon","coordinates":[[[-81.8267,36.6142],[-81.8448,36.6148],[-81.9226,36.6162],[-81.9341,36.5942],[-81.999,36.5945],[-82.0509,36.5944],[-82.1015,36.5948],[-82.1738,36.5946],[-82.2142,36.5959],[-82.2537,36.5956],[-82.3126,36.5956],[-82.3685,36.595],[-82.428,36.595],[-82.4666,36.5945],[-82.4872,36.5958],[-82.6092,36.5941],[-82.6,36.5766],[-82.6088,36.5715],[-82.6126,36.5784],[-82.6164,36.5796],[-82.6172,36.5691],[-82.6124,36.5629],[-82.6163,36.5572],[-82.6126,36.5484],[-82.6102,36.5193],[-82.6277,36.5136],[-82.6303,36.5078],[-82.6298,36.4993],[-82.6268,36.4954],[-82.6436,36.4862],[-82.6561,36.4811],[-82.6791,36.4702],[-82.6954,36.4587],[-82.7023,36.4558],[-82.6981,36.4524],[-82.6941,36.4446],[-82.6894,36.4441],[-82.6883,36.4358],[-82.6807,36.4318],[-82.6745,36.4364],[-82.6629,36.4425],[-82.658,36.4387],[-82.6097,36.4296],[-82.6015,36.4232],[-82.506,36.4367],[-82.4384,36.4456],[-82.4373,36.4376],[-82.4315,36.439],[-82.4216,36.4473],[-82.4219,36.439],[-82.405,36.4365],[-82.4042,36.4321],[-82.4086,36.4263],[-82.4038,36.4221],[-82.3977,36.4225],[-82.3967,36.4277],[-82.3902,36.4318],[-82.3896,36.4262],[-82.3838,36.4187],[-82.3754,36.4182],[-82.3832,36.4116],[-82.3774,36.4085],[-82.3793,36.4042],[-82.3878,36.3958],[-82.3848,36.3924],[-82.373,36.3993],[-82.3694,36.4031],[-82.3486,36.4017],[-82.3461,36.3971],[-82.3381,36.4011],[-82.3293,36.397],[-82.3228,36.3992],[-82.2999,36.3965],[-82.2881,36.3953],[-82.2519,36.4201],[-82.2396,36.4214],[-82.2325,36.4123],[-82.2256,36.4106],[-82.2014,36.4011],[-82.1881,36.4006],[-82.1777,36.4064],[-82.1647,36.4162],[-82.1596,36.4179],[-82.1468,36.4251],[-82.1269,36.4397],[-82.1186,36.4417],[-82.1163,36.447],[-82.1074,36.4497],[-82.1039,36.4558],[-82.0991,36.459],[-82.0867,36.46],[-82.0782,36.4576],[-82.0674,36.4622],[-82.055,36.4726],[-82.0524,36.4799],[-82.0385,36.4861],[-82.0306,36.4855],[-82.0246,36.4891],[-82.0091,36.4895],[-81.9979,36.4927],[-82.0011,36.4988],[-81.9869,36.5106],[-81.9838,36.5083],[-81.9735,36.5168],[-81.9725,36.5234],[-81.967,36.5262],[-81.9649,36.5315],[-81.9597,36.5344],[-81.9481,36.5383],[-81.9461,36.5423],[-81.9379,36.549],[-81.9317,36.5522],[-81.9314,36.5609],[-81.928,36.5679],[-81.9203,36.5724],[-81.9059,36.5788],[-81.8862,36.5812],[-81.8791,36.5843],[-81.8751,36.5883],[-81.8738,36.6001],[-81.8623,36.6057],[-81.8483,36.6033],[-81.8352,36.6093],[-81.8292,36.6093],[-81.8267,36.6142]]]},"properties":{"NAME":"Sullivan","NAMELSAD":"Sullivan County","GEOID":"47163"}},
{"type":"Feature","geometry":{"type":"Polygon","coordinates":[[[-82.2999,36.3965],[-82.3,36.3711],[-82.3265,36.2931],[-82.3376,36.2696],[-82.3425,36.2636],[-82.3391,36.2587],[-82.3405,36.2528],[-82.3354,36.2531],[-82.3195,36.2604],[-82.2847,36.2517],[-82.2789,36.2434],[-82.2564,36.2332],[-82.2577,36.2293],[-82.2553,36.2241],[-82.2625,36.2181],[-82.2642,36.2132],[-82.2588,36.2088],[-82.2516,36.2062],[-82.2475,36.2068],[-82.2403,36.2015],[-82.229,36.1905],[-82.2282,36.1789],[-82.2258,36.1775],[-82.2221,36.157],[-82.2139,36.159],[-82.2017,36.1564],[-82.1994,36.1527],[-82.1926,36.149],[-82.188,36.151],[-82.1835,36.1438],[-82.1772,36.1424],[-82.1729,36.1465],[-82.1662,36.145],[-82.1557,36.1483],[-82.1482,36.148],[-82.1445,36.1404],[-82.137,36.129],[-82.1379,36.1195],[-82.1288,36.104],[-82.1164,36.1043],[-82.1054,36.1078],[-82.1003,36.1057],[-82.08,36.1064],[-82.0621,36.1129],[-82.054,36.1267],[-82.0448,36.1256],[-82.0338,36.1205],[-82.0301,36.1234],[-82.0269,36.1302],[-81.9923,36.1804],[-81.9622,36.225],[-81.939,36.256],[-81.9331,36.2649],[-81.9414,36.265],[-81.9515,36.2618],[-81.9543,36.2713],[-81.9574,36.274],[-81.9697,36.2771],[-81.9724,36.2855],[-81.98,36.288],[-81.9829,36.2964],[-81.983,36.304],[-81.9908,36.308],[-81.9888,36.3147],[-81.9985,36.319],[-81.9994,36.3255],[-81.9968,36.3297],[-82.0021,36.3334],[-82.0071,36.3314],[-82.0166,36.333],[-82.0204,36.3299],[-82.0271,36.3367],[-82.0264,36.3405],[-82.0368,36.3514],[-82.0443,36.3547],[-82.0392,36.3581],[-82.0441,36.3637],[-82.053,36.3644],[-82.0588,36.3673],[-82.0404,36.3821],[-82.0325,36.3894],[-82.0221,36.4038],[-82.0121,36.4113],[-82.0051,36.4191],[-82.0032,36.4248],[-81.9963,36.4259],[-81.9923,36.4364],[-81.9823,36.442],[-81.9816,36.445],[-81.966,36.463],[-81.9557,36.4677],[-81.9515,36.4739],[-81.9705,36.4882],[-81.9762,36.4952],[-81.9836,36.4997],[-81.9838,36.5083],[-81.9869,36.5106],[-82.0011,36.4988],[-81.9979,36.4927],[-82.0091,36.4895],[-82.0246,36.4891],[-82.0306,36.4855],[-82.0385,36.4861],[-82.0524,36.4799],[-82.055,36.4726],[-82.0674,36.4622],[-82.0782,36.4576],[-82.0867,36.46],[-82.0991,36.459],[-82.1039,36.4558],[-82.1074,36.4497],[-82.1163,36.447],[-82.1186,36.4417],[-82.1269,36.4397],[-82.1468,36.4251],[-82.1596,36.4179],[-82.1647,36.4162],[-82.1777,36.4064],[-82.1881,36.4006],[-82.2014,36.4011],[-82.2256,36.4106],[-82.2325,36.4123],[-82.2396,36.4214],[-82.2519,36.4201],[-82.2881,36.3953],[-82.2999,36.3965]]]},"properties":{"NAME":"Carter","NAMELSAD":"Carter County","GEOID":"47019"}},
{"type":"Feature","geometry":{"type":"Polygon","coordinates":[[[-82.2999,36.3965],[-82.3228,36.3992],[-82.3293,36.397],[-82.3381,36.4011],[-82.3461,36.3971],[-82.3486,36.4017],[-82.3694,36.4031],[-82.373,36.3993],[-82.3848,36.3924],[-82.3878,36.3958],[-82.3793,36.4042],[-82.3774,36.4085],[-82.3832,36.4116],[-82.3754,36.4182],[-82.3838,36.4187],[-82.3896,36.4262],[-82.3902,36.4318],[-82.3967,36.4277],[-82.3977,36.4225],[-82.4038,36.4221],[-82.4086,36.4263],[-82.4042,36.4321],[-82.405,36.4365],[-82.4219,36.439],[-82.4216,36.4473],[-82.4315,36.439],[-82.4373,36.4376],[-82.4384,36.4456],[-82.506,36.4367],[-82.6015,36.4232],[-82.6097,36.4296],[-82.658,36.4387],[-82.6629,36.4425],[-82.6745,36.4364],[-82.6807,36.4318],[-82.6764,36.4231],[-82.6866,36.4199],[-82.6886,36.4177],[-82.7026,36.4104],[-82.6318,36.4188],[-82.6342,36.4135],[-82.6296,36.4115],[-82.6401,36.2626],[-82.6441,36.2107],[-82.6504,36.211],[-82.6448,36.1995],[-82.6457,36.1857],[-82.6518,36.1768],[-82.6462,36.1766],[-82.6478,36.1464],[-82.6408,36.1471],[-82.6365,36.1428],[-82.6388,36.1395],[-82.5951,36.0962],[-82.5276,36.149],[-82.4876,36.1557],[-82.4373,36.1547],[-82.4324,36.1577],[-82.4293,36.164],[-82.4207,36.1632],[-82.4165,36.1671],[-82.4167,36.1792],[-82.4078,36.1887],[-82.4011,36.1912],[-82.4014,36.1948],[-82.3888,36.2014],[-82.3808,36.2037],[-82.3773,36.2077],[-82.3686,36.2121],[-82.3705,36.2169],[-82.3659,36.2222],[-82.3563,36.2301],[-82.3581,36.2409],[-82.3466,36.2509],[-82.3405,36.2528],[-82.3391,36.2587],[-82.3425,36.2636],[-82.3376,36.2696],[-82.3265,36.2931],[-82.3,36.3711],[-82.2999,36.3965]]]},"properties":{"NAME":"Washington","NAMELSAD":"Washington County","GEOID":"47179"}},
{"type":"Feature","geometry":{"type":"Polygon","coordinates":[[[-88.0533,36.4971],[-88.0567,36.4911],[-88.0563,36.4844],[-88.052,36.4713],[-88.054,36.4634],[-88.0611,36.4515],[-88.0614,36.444],[-88.0585,36.4392],[-88.041,36.4257],[-88.036,36.4203],[-88.0332,36.4095],[-88.0243,36.3993],[-88.0172,36.3959],[-88.0071,36.3803],[-87.9988,36.3657],[-87.9909,36.3601],[-87.9827,36.3561],[-87.9807,36.3533],[-87.9511,36.3522],[-87.9457,36.3535],[-87.9265,36.345],[-87.9112,36.3395],[-87.8928,36.3347],[-87.8616,36.3299],[-87.8463,36.329],[-87.8218,36.3287],[-87.8063,36.3303],[-87.7844,36.3341],[-87.7562,36.343],[-87.7371,36.3517],[-87.7228,36.3604],[-87.7155,36.3682],[-87.5924,36.3677],[-87.594,36.3751],[-87.62,36.5091],[-87.625,36.5362],[-87.6412,36.6381],[-87.7067,36.6369],[-87.8156,36.6345],[-87.8533,36.6332],[-87.8495,36.6637],[-87.9036,36.6671],[-87.9269,36.6689],[-88.0122,36.6772],[-88.0431,36.6781],[-88.0705,36.6783],[-88.0686,36.662],[-88.0658,36.6534],[-88.0587,36.6435],[-88.0559,36.6364],[-88.0556,36.6303],[-88.0449,36.6031],[-88.0405,36.5768],[-88.0346,36.5574],[-88.0327,36.537],[-88.037,36.524],[-88.0374,36.5163],[-88.0398,36.5094],[-88.0533,36.4971]]]},"properties":{"NAME":"Stewart","NAMELSAD":"Stewart County","GEOID":"47161"}},
{"type":"Feature","geometry":{"type":"Polygon","coordinates":[[[-86.2054,36.6402],[-86.2093,36.6149],[-86.2251,36.5288],[-86.2179,36.5292],[-86.2148,36.5249],[-86.2165,36.507],[-86.2223,36.491],[-86.2284,36.4875],[-86.2287,36.4864],[-86.1901,36.4827],[-86.1833,36.467],[-86.1757,36.4542],[-86.1683,36.4443],[-86.1224,36.4402],[-86.0871,36.4366],[-86.0019,36.4289],[-85.9789,36.4261],[-85.8778,36.4156],[-85.8513,36.415],[-85.828,36.4118],[-85.8139,36.4995],[-85.8114,36.5165],[-85.8079,36.5469],[-85.8022,36.5748],[-85.7965,36.6135],[-85.788,36.6154],[-85.7887,36.6221],[-85.8324,36.6221],[-85.9764,36.6285],[-86.0329,36.6307],[-86.0732,36.6336],[-86.1654,36.6378],[-86.2054,36.6402]]]},"properties":{"NAME":"Macon","NAMELSAD":"Macon County","GEOID":"47111"}},
{"type":"Feature","geometry":{"type":"Polygon","coordinates":[[[-89.1839,35.3971],[-89.1851,35.3736],[-89.1895,35.2436],[-89.1916,35.1776],[-89.1941,35.1048],[-89.1983,34.9945],[-89.1568,34.9939],[-89.1251,34.9947],[-89.0036,34.995],[-88.9252,34.9948],[-88.8953,34.9958],[-88.8584,34.9951],[-88.7866,34.9953],[-88.7861,35.0001],[-88.7868,35.0498],[-88.7867,35.1251],[-88.7818,35.2476],[-88.7954,35.3239],[-88.7952,35.3292],[-88.7982,35.3386],[-88.8268,35.3711],[-88.842,35.3845],[-88.8416,35.4278],[-89.0001,35.4303],[-89.0789,35.4314],[-89.1826,35.4328],[-89.1839,35.3971]]]},"properties":{"NAME":"Hardeman","NAMELSAD":"Hardeman County","GEOID":"47069"}},
{"type":"Feature","geometry":{"type":"Polygon","coordinates":[[[-88.5303,36.152],[-88.5322,36.1154],[-88.6149,36.1165],[-88.6555,36.1173],[-88.6538,36.0643],[-88.6633,36.0646],[-88.6724,36.0628],[-88.6785,36.0666],[-88.6927,36.0628],[-88.6949,36.0239],[-88.6969,35.9599],[-88.7018,35.8751],[-88.702,35.8624],[-88.7038,35.8487],[-88.7068,35.7911],[-88.6647,35.7906],[-88.6069,35.7894],[-88.5998,35.7892],[-88.5996,35.8018],[-88.5893,35.8117],[-88.5832,35.8153],[-88.5759,35.8166],[-88.5715,35.8152],[-88.5715,35.8227],[-88.5691,35.8248],[-88.5001,35.8235],[-88.4968,35.8238],[-88.391,35.8214],[-88.3474,35.8207],[-88.2718,35.8189],[-88.1792,35.8168],[-88.1779,35.8458],[-88.2174,35.8466],[-88.2168,35.8772],[-88.2251,35.8772],[-88.2247,35.8864],[-88.2166,35.8862],[-88.2152,35.9449],[-88.2135,36.0322],[-88.2126,36.1203],[-88.2117,36.146],[-88.3045,36.1479],[-88.3705,36.1485],[-88.3751,36.1488],[-88.4733,36.1499],[-88.4733,36.1509],[-88.4971,36.1511],[-88.5303,36.152]]]},"properties":{"NAME":"Carroll","NAMELSAD":"Carroll County","GEOID":"47017"}},
{"type":"Feature","geometry":{"type":"Polygon","coordinates":[[[-88.0247,35.3923],[-88.0247,35.3696],[-88.0171,35.3664],[-88.0101,35.3587],[-88.0049,35.3509],[-88.0103,35.3386],[-88.0165,35.3348],[-88.0146,35.3286],[-88.0175,35.3166],[-88.0142,35.314],[-88.014,35.3092],[-88.0176,35.3045],[-88.0154,35.299],[-88.0095,35.3015],[-88.0047,35.3007],[-87.9974,35.3023],[-87.9935,35.2989],[-87.9846,35.2953],[-87.9816,35.2957],[-87.9828,35.2294],[-87.9843,35.1251],[-87.9849,35.0059],[-87.8486,35.0056],[-87.8305,35.0052],[-87.7824,35.005],[-87.7658,35.0046],[-87.6623,35.0035],[-87.6252,35.0037],[-87.606,35.0034],[-87.6103,35.0106],[-87.6119,35.019],[-87.6075,35.0223],[-87.6057,35.0359],[-87.5864,35.0346],[-87.5787,35.0349],[-87.5798,35.045],[-87.5836,35.0539],[-87.5834,35.0584],[-87.5888,35.0584],[-87.5904,35.1428],[-87.5834,35.1431],[-87.5834,35.1555],[-87.5778,35.1594],[-87.5727,35.1905],[-87.5789,35.187],[-87.5783,35.2718],[-87.577,35.3192],[-87.5754,35.3985],[-87.5752,35.4063],[-87.5907,35.4116],[-87.5972,35.4117],[-87.6012,35.4186],[-87.6051,35.4194],[-87.6085,35.427],[-87.6073,35.4362],[-87.6326,35.4383],[-87.6326,35.441],[-87.6465,35.4421],[-87.6459,35.4728],[-87.6858,35.4728],[-87.6987,35.48],[-87.7176,35.4834],[-87.7338,35.4917],[-87.7455,35.4918],[-87.7526,35.4892],[-87.8036,35.485],[-87.8073,35.4795],[-87.8117,35.4814],[-87.815,35.4765],[-87.822,35.4764],[-87.8274,35.4699],[-87.8481,35.4653],[-87.8585,35.4654],[-87.8613,35.4745],[-87.8649,35.476],[-87.8763,35.469],[-87.8837,35.471],[-87.8934,35.4649],[-87.9058,35.4625],[-87.9142,35.4659],[-87.9263,35.4604],[-87.932,35.4657],[-87.9383,35.4639],[-87.9473,35.459],[-87.9615,35.4594],[-87.9669,35.457],[-87.9732,35.46],[-87.9807,35.4576],[-87.9827,35.4529],[-87.9893,35.4533],[-87.9914,35.4471],[-88,35.4427],[-88.0052,35.437],[-88.0118,35.4328],[-88.0127,35.4273],[-88.0077,35.4234],[-87.9968,35.4202],[-87.9878,35.416],[-87.9752,35.4142],[-87.9734,35.4096],[-87.9749,35.4018],[-87.9846,35.3921],[-87.9942,35.3896],[-88.0126,35.387],[-88.0171,35.3876],[-88.0247,35.3923]]]},"properties":{"NAME":"Wayne","NAMELSAD":"Wayne County","GEOID":"47181"}},
{"type":"Feature","geometry":{"type":"Polygon","coordinates":[[[-84.6199,35.6447],[-84.6295,35.6403],[-84.6343,35.6297],[-84.6419,35.6262],[-84.6476,35.616],[-84.6581,35.6027],[-84.6594,35.597],[-84.6657,35.5953],[-84.6665,35.5893],[-84.6816,35.5794],[-84.6878,35.5793],[-84.6908,35.5637],[-84.7026,35.5517],[-84.7068,35.5414],[-84.7112,35.538],[-84.7246,35.5216],[-84.732,35.5207],[-84.7425,35.5111],[-84.7472,35.5108],[-84.7499,35.5066],[-84.7497,35.5005],[-84.7554,35.4963],[-84.7604,35.4862],[-84.7683,35.4847],[-84.7713,35.4807],[-84.7717,35.4723],[-84.7775,35.4657],[-84.7877,35.4648],[-84.7924,35.4577],[-84.7982,35.4572],[-84.8055,35.4486],[-84.8051,35.4438],[-84.8007,35.4423],[-84.805,35.4364],[-84.8145,35.437],[-84.821,35.4256],[-84.8231,35.4198],[-84.8171,35.417],[-84.8208,35.413],[-84.8241,35.4052],[-84.8288,35.4057],[-84.8343,35.4008],[-84.8501,35.3735],[-84.8566,35.3557],[-84.8602,35.3501],[-84.8489,35.3458],[-84.8379,35.34],[-84.8324,35.3319],[-84.8249,35.3257],[-84.8174,35.3247],[-84.8105,35.3279],[-84.8038,35.3253],[-84.8029,35.3181],[-84.7903,35.3142],[-84.7826,35.3135],[-84.7777,35.3074],[-84.7691,35.3029],[-84.761,35.2963],[-84.7581,35.2921],[-84.7499,35.2874],[-84.7307,35.2914],[-84.7253,35.2895],[-84.7229,35.2844],[-84.7236,35.2787],[-84.7332,35.2749],[-84.7419,35.2769],[-84.7499,35.2759],[-84.7516,35.2712],[-84.7474,35.2694],[-84.7404,35.2565],[-84.7304,35.2547],[-84.7161,35.2618],[-84.7105,35.262],[-84.7035,35.2588],[-84.6975,35.2527],[-84.7013,35.249],[-84.7113,35.25],[-84.7099,35.2434],[-84.7036,35.241],[-84.6946,35.2467],[-84.6854,35.2466],[-84.6855,35.2536],[-84.6766,35.2537],[-84.6674,35.268],[-84.6249,35.2678],[-84.5161,35.2665],[-84.5134,35.2704],[-84.5052,35.2763],[-84.4955,35.2855],[-84.4846,35.2954],[-84.4776,35.3033],[-84.4656,35.31],[-84.4534,35.319],[-84.4105,35.3306],[-84.401,35.3304],[-84.4006,35.3443],[-84.4093,35.3443],[-84.4092,35.3984],[-84.4144,35.4009],[-84.4263,35.4019],[-84.4267,35.4185],[-84.4296,35.4227],[-84.4365,35.4228],[-84.4382,35.4399],[-84.4344,35.4456],[-84.4434,35.4555],[-84.4522,35.4553],[-84.4523,35.4599],[-84.4451,35.46],[-84.4432,35.4627],[-84.4528,35.477],[-84.4647,35.5048],[-84.4884,35.5488],[-84.4999,35.5714],[-84.5048,35.5787],[-84.5048,35.5862],[-84.5226,35.5861],[-84.5227,35.6078],[-84.5257,35.6118],[-84.5403,35.6118],[-84.5404,35.6194],[-84.5224,35.6186],[-84.5259,35.6242],[-84.526,35.6281],[-84.534,35.6296],[-84.5354,35.6337],[-84.5476,35.6413],[-84.5492,35.6369],[-84.5579,35.637],[-84.5579,35.6297],[-84.5669,35.6298],[-84.5669,35.6332],[-84.5843,35.6331],[-84.5845,35.6444],[-84.6199,35.6447]]]},"properties":{"NAME":"McMinn","NAMELSAD":"McMinn County","GEOID":"47107"}},
{"type":"Feature","geometry":{"type":"Polygon","coordinates":[[[-85.6029,35.795],[-85.6001,35.7908],[-85.6024,35.7805],[-85.6079,35.7714],[-85.6042,35.7683],[-85.6107,35.7563],[-85.6014,35.7599],[-85.5919,35.7544],[-85.5967,35.7503],[-85.5955,35.7468],[-85.5997,35.7413],[-85.5927,35.7347],[-85.5987,35.7273],[-85.5964,35.7232],[-85.5997,35.7148],[-85.6051,35.7085],[-85.6021,35.6831],[-85.5945,35.6251],[-85.5946,35.6179],[-85.5811,35.5876],[-85.5575,35.533],[-85.5461,35.5363],[-85.5447,35.5425],[-85.5299,35.5403],[-85.517,35.5439],[-85.4958,35.5476],[-85.4745,35.5476],[-85.4599,35.5469],[-85.4602,35.5504],[-85.455,35.5527],[-85.4535,35.5581],[-85.4238,35.5674],[-85.3607,35.6251],[-85.3003,35.6832],[-85.2913,35.6926],[-85.2654,35.7212],[-85.2663,35.7258],[-85.2708,35.7286],[-85.2705,35.7323],[-85.265,35.7408],[-85.269,35.7434],[-85.2651,35.7472],[-85.2644,35.755],[-85.2658,35.7605],[-85.2596,35.76],[-85.2541,35.7656],[-85.2535,35.7669],[-85.2578,35.7715],[-85.259,35.7772],[-85.2691,35.7805],[-85.2739,35.7837],[-85.2727,35.7877],[-85.2694,35.7934],[-85.2681,35.7964],[-85.2761,35.7991],[-85.2767,35.81],[-85.2719,35.8121],[-85.2651,35.8222],[-85.2771,35.8188],[-85.3623,35.7968],[-85.375,35.7998],[-85.4205,35.814],[-85.429,35.8182],[-85.4337,35.8186],[-85.4395,35.8159],[-85.4494,35.8216],[-85.4553,35.8205],[-85.463,35.8222],[-85.47,35.8161],[-85.4742,35.8227],[-85.4882,35.8149],[-85.495,35.813],[-85.4994,35.8065],[-85.5051,35.8113],[-85.5126,35.815],[-85.5188,35.8152],[-85.5266,35.8073],[-85.5216,35.8014],[-85.5241,35.7915],[-85.535,35.7994],[-85.5421,35.7972],[-85.5454,35.8009],[-85.5534,35.7959],[-85.5596,35.7986],[-85.5716,35.8066],[-85.5844,35.8068],[-85.5884,35.8023],[-85.6015,35.8043],[-85.5973,35.7964],[-85.6029,35.795]]]},"properties":{"NAME":"Van Buren","NAMELSAD":"Van Buren County","GEOID":"47175"}},
{"type":"Feature","geometry":{"type":"Polygon","coordinates":[[[-87.5924,36.3677],[-87.7155,36.3682],[-87.7228,36.3604],[-87.7371,36.3517],[-87.7562,36.343],[-87.7844,36.3341],[-87.8063,36.3303],[-87.8218,36.3287],[-87.8463,36.329],[-87.8616,36.3299],[-87.8928,36.3347],[-87.9112,36.3395],[-87.9265,36.345],[-87.9457,36.3535],[-87.9511,36.3522],[-87.9807,36.3533],[-87.9707,36.3386],[-87.9687,36.3272],[-87.9618,36.3227],[-87.9558,36.3122],[-87.9477,36.2853],[-87.9443,36.2642],[-87.9496,36.2432],[-87.878,36.2357],[-87.8346,36.2324],[-87.7985,36.2448],[-87.7825,36.2444],[-87.758,36.2415],[-87.731,36.2354],[-87.7129,36.2293],[-87.6976,36.2228],[-87.6759,36.2107],[-87.6622,36.2012],[-87.625,36.1993],[-87.586,36.1977],[-87.5867,36.1928],[-87.5774,36.1906],[-87.5784,36.1831],[-87.5722,36.1788],[-87.5668,36.1779],[-87.5304,36.2324],[-87.5292,36.2403],[-87.5321,36.243],[-87.5315,36.2497],[-87.5239,36.2512],[-87.5163,36.31],[-87.5135,36.3347],[-87.587,36.3418],[-87.5924,36.3677]]]},"properties":{"NAME":"Houston","NAMELSAD":"Houston County","GEOID":"47083"}},
{"type":"Feature","geometry":{"type":"Polygon","coordinates":[[[-87.2066,35.4332],[-87.2119,35.407],[-87.215,35.3813],[-87.2142,35.3719],[-87.214,35.3463],[-87.2147,35.3259],[-87.2151,35.2958],[-87.2224,35.296],[-87.2228,35.2924],[-87.2321,35.2927],[-87.2324,35.2877],[-87.2153,35.2866],[-87.217,35.246],[-87.2191,35.2276],[-87.2133,35.2276],[-87.2178,35.2097],[-87.2095,35.2091],[-87.211,35.2029],[-87.2197,35.2036],[-87.2166,35.1987],[-87.2187,35.1823],[-87.2217,35.1734],[-87.2205,35.1689],[-87.2149,35.1655],[-87.1984,35.1626],[-87.1987,35.1517],[-87.205,35.1523],[-87.2089,35.1342],[-87.2001,35.133],[-87.2026,35.1217],[-87.214,35.1233],[-87.2168,35.1046],[-87.2113,35.1039],[-87.2128,35.095],[-87.218,35.0953],[-87.2249,35.0465],[-87.224,35.0306],[-87.2235,35.0021],[-87.2241,34.9994],[-87.0849,34.9965],[-87.0554,34.9962],[-87.0051,34.995],[-86.9375,34.9939],[-86.9055,34.9927],[-86.8363,34.9919],[-86.8332,35.0996],[-86.8284,35.2501],[-86.8283,35.2637],[-86.8285,35.2934],[-86.8318,35.2945],[-86.8338,35.3029],[-86.8436,35.3093],[-86.8425,35.3192],[-86.8463,35.321],[-86.8552,35.3155],[-86.8557,35.3091],[-86.8641,35.3049],[-86.8864,35.3065],[-86.888,35.3152],[-86.9022,35.3163],[-86.9065,35.3141],[-86.912,35.3214],[-86.909,35.325],[-86.9032,35.3248],[-86.9023,35.3375],[-86.912,35.3402],[-86.9083,35.3501],[-86.9201,35.3522],[-86.9178,35.364],[-86.9246,35.3631],[-86.924,35.3719],[-86.9266,35.3771],[-86.9269,35.3886],[-86.9257,35.4025],[-86.9228,35.4068],[-86.9312,35.4121],[-86.9349,35.4083],[-86.9433,35.4136],[-86.9571,35.4194],[-86.9608,35.417],[-86.9618,35.4125],[-86.9682,35.4121],[-86.9722,35.4151],[-86.987,35.418],[-86.9867,35.4094],[-86.9988,35.4096],[-87.0014,35.4125],[-87.0092,35.413],[-87.0175,35.4158],[-87.0198,35.424],[-87.0243,35.425],[-87.0256,35.4295],[-87.0327,35.4317],[-87.037,35.4288],[-87.0453,35.4284],[-87.059,35.4313],[-87.0705,35.4383],[-87.0844,35.4432],[-87.0909,35.4422],[-87.1018,35.4457],[-87.1033,35.4505],[-87.1092,35.449],[-87.1173,35.4517],[-87.1209,35.4557],[-87.1339,35.4532],[-87.1383,35.4484],[-87.1499,35.4469],[-87.1602,35.4354],[-87.1657,35.4369],[-87.1932,35.4309],[-87.2066,35.4332]]]},"properties":{"NAME":"Giles","NAMELSAD":"Giles County","GEOID":"47055"}},
{"type":"Feature","geometry":{"type":"Polygon","coordinates":[[[-87.9496,36.2432],[-87.9519,36.2294],[-87.9517,36.2223],[-87.9489,36.2168],[-87.9405,36.2054],[-87.9396,36.1976],[-87.9334,36.1838],[-87.92,36.1718],[-87.9157,36.1608],[-87.919,36.1301],[-87.9225,36.1223],[-87.938,36.1089],[-87.9399,36.1024],[-87.9512,36.0893],[-87.9597,36.0759],[-87.9781,36.059],[-87.9891,36.0467],[-87.9938,36.0381],[-88.0008,36.0281],[-88.0016,36.0233],[-87.9998,36.0146],[-87.9993,36.0027],[-88.0045,35.9922],[-88.0143,35.9865],[-88.0204,35.98],[-88.0226,35.9695],[-88.021,35.9612],[-88.0129,35.9467],[-88,35.9408],[-87.9742,35.9372],[-87.9532,35.9392],[-87.9346,35.94],[-87.9267,35.9356],[-87.9258,35.9304],[-87.9289,35.9051],[-87.933,35.8927],[-87.9369,35.8751],[-87.9403,35.866],[-87.9487,35.8545],[-87.9627,35.8409],[-87.9365,35.8387],[-87.9103,35.8383],[-87.9109,35.8327],[-87.9008,35.8244],[-87.8931,35.8249],[-87.8783,35.8181],[-87.8742,35.813],[-87.8652,35.811],[-87.8527,35.8038],[-87.8481,35.8041],[-87.8462,35.8163],[-87.8441,35.8207],[-87.8381,35.823],[-87.826,35.8239],[-87.8195,35.8293],[-87.8187,35.8368],[-87.7168,35.8388],[-87.707,35.9059],[-87.6961,35.9118],[-87.6873,35.911],[-87.6836,35.9161],[-87.6682,35.9176],[-87.6584,35.9155],[-87.6538,35.9213],[-87.6441,35.9224],[-87.6347,35.9301],[-87.629,35.9308],[-87.6264,35.9345],[-87.6199,35.9377],[-87.6162,35.9437],[-87.6108,35.9443],[-87.6119,35.95],[-87.6024,35.95],[-87.599,35.9519],[-87.5878,35.9534],[-87.5849,35.9478],[-87.5798,35.9519],[-87.5693,35.9478],[-87.5572,35.9507],[-87.5541,35.9574],[-87.5425,35.9662],[-87.5383,35.966],[-87.5325,35.9695],[-87.5298,35.9757],[-87.5345,35.9931],[-87.54,35.9965],[-87.5405,36.003],[-87.5465,36.0115],[-87.553,36.0164],[-87.546,36.0228],[-87.5469,36.0289],[-87.5508,36.0324],[-87.5453,36.0466],[-87.5454,36.0556],[-87.5492,36.0601],[-87.5445,36.0943],[-87.5522,36.1378],[-87.5668,36.1779],[-87.5722,36.1788],[-87.5784,36.1831],[-87.5774,36.1906],[-87.5867,36.1928],[-87.586,36.1977],[-87.625,36.1993],[-87.6622,36.2012],[-87.6759,36.2107],[-87.6976,36.2228],[-87.7129,36.2293],[-87.731,36.2354],[-87.758,36.2415],[-87.7825,36.2444],[-87.7985,36.2448],[-87.8346,36.2324],[-87.878,36.2357],[-87.9496,36.2432]]]},"properties":{"NAME":"Humphreys","NAMELSAD":"Humphreys County","GEOID":"47085"}},
{"type":"Feature","geometry":{"type":"Polygon","coordinates":[[[-85.4238,35.5674],[-85.4535,35.5581],[-85.455,35.5527],[-85.4602,35.5504],[-85.4599,35.5469],[-85.4745,35.5476],[-85.4958,35.5476],[-85.517,35.5439],[-85.5299,35.5403],[-85.5447,35.5425],[-85.5461,35.5363],[-85.5575,35.533],[-85.6073,35.5317],[-85.5902,35.5217],[-85.584,35.5159],[-85.5769,35.5125],[-85.5696,35.5058],[-85.558,35.5003],[-85.5402,35.4907],[-85.5367,35.4871],[-85.5368,35.4811],[-85.5413,35.4614],[-85.5401,35.459],[-85.5358,35.4315],[-85.5205,35.4216],[-85.5183,35.4239],[-85.5118,35.4211],[-85.5129,35.4076],[-85.4856,35.4064],[-85.4945,35.395],[-85.4946,35.3864],[-85.4892,35.3835],[-85.4985,35.3769],[-85.4995,35.3732],[-85.5055,35.3667],[-85.5062,35.3577],[-85.5263,35.3484],[-85.529,35.3428],[-85.5351,35.3437],[-85.5424,35.3415],[-85.5586,35.3193],[-85.5568,35.3083],[-85.4945,35.2799],[-85.4926,35.2742],[-85.4756,35.2684],[-85.4691,35.2694],[-85.4527,35.2656],[-85.4441,35.2627],[-85.4392,35.2534],[-85.4335,35.2524],[-85.4307,35.2481],[-85.4078,35.2257],[-85.4038,35.224],[-85.3979,35.2096],[-85.3914,35.2014],[-85.3959,35.1957],[-85.3931,35.1877],[-85.3883,35.1804],[-85.3935,35.1737],[-85.3949,35.1673],[-85.3883,35.1588],[-85.3871,35.1472],[-85.3721,35.1652],[-85.2821,35.2757],[-85.2589,35.304],[-85.246,35.3191],[-85.2259,35.3543],[-85.2556,35.3751],[-85.3143,35.4172],[-85.366,35.4605],[-85.4033,35.4923],[-85.409,35.5049],[-85.4109,35.5119],[-85.407,35.5177],[-85.4163,35.5201],[-85.4197,35.5268],[-85.4309,35.5292],[-85.4362,35.5414],[-85.432,35.5458],[-85.4318,35.5517],[-85.4285,35.5557],[-85.4272,35.5624],[-85.4238,35.5674]]]},"properties":{"NAME":"Sequatchie","NAMELSAD":"Sequatchie County","GEOID":"47153"}},
{"type":"Feature","geometry":{"type":"Polygon","coordinates":[[[-84.3418,36.049],[-84.346,36.0491],[-84.3649,36.0411],[-84.3826,36.0243],[-84.3956,36.017],[-84.4114,36.0053],[-84.4343,35.9937],[-84.4461,35.986],[-84.4566,35.9841],[-84.4606,35.9854],[-84.4678,35.9836],[-84.4872,35.9852],[-84.5095,35.9777],[-84.5262,35.9745],[-84.5457,35.9689],[-84.554,35.9645],[-84.5558,35.9609],[-84.555,35.9504],[-84.5754,35.9499],[-84.5807,35.9516],[-84.5883,35.9473],[-84.5956,35.9496],[-84.6035,35.9541],[-84.6067,35.9512],[-84.6067,35.9438],[-84.6156,35.9407],[-84.6201,35.9323],[-84.6289,35.9335],[-84.634,35.9302],[-84.6386,35.9315],[-84.6431,35.9273],[-84.6511,35.9286],[-84.6567,35.9195],[-84.6618,35.9158],[-84.6704,35.9176],[-84.6728,35.9128],[-84.6806,35.9085],[-84.6851,35.9029],[-84.6975,35.8996],[-84.7062,35.8961],[-84.7178,35.8751],[-84.7288,35.8592],[-84.7367,35.8561],[-84.738,35.8514],[-84.7432,35.8512],[-84.7522,35.8469],[-84.761,35.841],[-84.7637,35.8337],[-84.7761,35.8268],[-84.7819,35.825],[-84.7874,35.8173],[-84.7849,35.8124],[-84.7803,35.8132],[-84.7717,35.8082],[-84.7655,35.7994],[-84.7578,35.7954],[-84.7495,35.7949],[-84.7396,35.7875],[-84.738,35.7793],[-84.743,35.7742],[-84.7506,35.7744],[-84.7522,35.7674],[-84.7576,35.7608],[-84.7545,35.7544],[-84.7472,35.7512],[-84.7388,35.7514],[-84.7331,35.7487],[-84.7305,35.7517],[-84.7239,35.7529],[-84.721,35.752],[-84.714,35.742],[-84.6984,35.7418],[-84.6984,35.7327],[-84.6951,35.7327],[-84.6953,35.7249],[-84.6987,35.7179],[-84.6765,35.7175],[-84.6765,35.7105],[-84.672,35.7104],[-84.6722,35.7029],[-84.6636,35.7029],[-84.6632,35.7102],[-84.6544,35.71],[-84.6544,35.7173],[-84.6453,35.7171],[-84.6451,35.7244],[-84.6363,35.7243],[-84.6365,35.7205],[-84.623,35.7118],[-84.619,35.7079],[-84.619,35.7034],[-84.6233,35.6999],[-84.6192,35.6948],[-84.6281,35.6901],[-84.628,35.6623],[-84.6259,35.6589],[-84.6199,35.6589],[-84.6199,35.6447],[-84.5845,35.6444],[-84.5844,35.6516],[-84.5755,35.6516],[-84.5756,35.6589],[-84.5534,35.6588],[-84.5489,35.6624],[-84.5488,35.6661],[-84.54,35.6659],[-84.54,35.6705],[-84.531,35.6704],[-84.5308,35.6766],[-84.5219,35.6766],[-84.5218,35.6837],[-84.5319,35.684],[-84.5306,35.6912],[-84.5262,35.6912],[-84.5219,35.6948],[-84.5216,35.7051],[-84.5169,35.712],[-84.5105,35.7165],[-84.4945,35.7164],[-84.4486,35.7594],[-84.4464,35.7547],[-84.4364,35.7484],[-84.4317,35.7487],[-84.426,35.7533],[-84.4244,35.758],[-84.4239,35.7684],[-84.4164,35.7765],[-84.4082,35.7773],[-84.4028,35.776],[-84.3886,35.7684],[-84.3808,35.7779],[-84.3887,35.7825],[-84.3772,35.7907],[-84.3812,35.8056],[-84.3797,35.8174],[-84.3715,35.8259],[-84.365,35.8253],[-84.3476,35.8324],[-84.3428,35.8317],[-84.338,35.8391],[-84.3389,35.8503],[-84.3337,35.8771],[-84.33,35.8929],[-84.3274,35.8894],[-84.3192,35.8863],[-84.3091,35.8883],[-84.2937,35.8833],[-84.2856,35.8751],[-84.279,35.8772],[-84.2788,35.881],[-84.2858,35.8943],[-84.2846,35.901],[-84.2771,35.902],[-84.2667,35.8941],[-84.2634,35.8969],[-84.2684,35.9026],[-84.2716,35.9102],[-84.2847,35.9294],[-84.3201,35.9916],[-84.3418,36.049]]]},"properties":{"NAME":"Roane","NAMELSAD":"Roane County","GEOID":"47145"}},
{"type":"Feature","geometry":{"type":"Polygon","coordinates":[[[-87.115,36.6424],[-87.25,36.6417],[-87.336,36.6417],[-87.4747,36.6404],[-87.5522,36.6389],[-87.6412,36.6381],[-87.625,36.5362],[-87.62,36.5091],[-87.594,36.3751],[-87.5924,36.3677],[-87.587,36.3418],[-87.5135,36.3347],[-87.498,36.333],[-87.393,36.3228],[-87.3272,36.3159],[-87.326,36.3236],[-87.3209,36.3232],[-87.3219,36.3164],[-87.3156,36.3152],[-87.315,36.3217],[-87.3052,36.3193],[-87.3031,36.3124],[-87.2984,36.3173],[-87.2904,36.3175],[-87.2865,36.3219],[-87.282,36.3429],[-87.2798,36.3486],[-87.2805,36.3545],[-87.2728,36.3534],[-87.2673,36.3562],[-87.2634,36.3543],[-87.2566,36.3611],[-87.2539,36.3734],[-87.25,36.3779],[-87.2219,36.3943],[-87.2151,36.396],[-87.2056,36.4095],[-87.2006,36.4118],[-87.193,36.4077],[-87.1794,36.4066],[-87.1824,36.4128],[-87.1785,36.4198],[-87.1796,36.424],[-87.1713,36.4276],[-87.1632,36.4214],[-87.1627,36.4133],[-87.151,36.4167],[-87.1486,36.4228],[-87.1522,36.427],[-87.1501,36.4378],[-87.1503,36.445],[-87.128,36.4512],[-87.1204,36.4555],[-87.1196,36.4611],[-87.1287,36.462],[-87.124,36.4886],[-87.1207,36.5109],[-87.1176,36.5105],[-87.1132,36.5231],[-87.1186,36.5237],[-87.1162,36.5392],[-87.1219,36.5425],[-87.1177,36.5496],[-87.1265,36.5473],[-87.1314,36.5481],[-87.1413,36.5549],[-87.1374,36.5586],[-87.142,36.5636],[-87.15,36.564],[-87.148,36.5685],[-87.1368,36.5631],[-87.1298,36.5723],[-87.121,36.6136],[-87.1268,36.6214],[-87.1259,36.629],[-87.1174,36.6281],[-87.115,36.6424]]]},"properties":{"NAME":"Montgomery","NAMELSAD":"Montgomery County","GEOID":"47125"}},
{"type":"Feature","geometry":{"type":"Polygon","coordinates":[[[-88.5164,36.5016],[-88.5171,36.4867],[-88.5189,36.4228],[-88.5206,36.3751],[-88.5213,36.3687],[-88.5233,36.3033],[-88.5257,36.2501],[-88.5259,36.2394],[-88.5303,36.152],[-88.4971,36.1511],[-88.4733,36.1509],[-88.4733,36.1499],[-88.3751,36.1488],[-88.3705,36.1485],[-88.3045,36.1479],[-88.2117,36.146],[-88.2126,36.1203],[-88.2022,36.129],[-88.1971,36.13],[-88.1898,36.1387],[-88.1856,36.1462],[-88.1815,36.1448],[-88.1765,36.1477],[-88.1766,36.1572],[-88.1676,36.1626],[-88.1727,36.1675],[-88.1708,36.171],[-88.1624,36.1755],[-88.1591,36.1822],[-88.1456,36.1948],[-88.1434,36.2002],[-88.1392,36.2017],[-88.1358,36.2187],[-88.1288,36.219],[-88.1228,36.2239],[-88.1134,36.2233],[-88.1107,36.2287],[-88.1047,36.2323],[-88.0976,36.245],[-88.1027,36.2521],[-88.0922,36.2543],[-88.0871,36.2533],[-88.0829,36.2604],[-88.0872,36.2692],[-88.0904,36.2714],[-88.0925,36.281],[-88.0911,36.2885],[-88.0933,36.2971],[-88.0973,36.3016],[-88.0992,36.3089],[-88.1026,36.3097],[-88.1001,36.319],[-88.1021,36.327],[-88.0964,36.3297],[-88.0975,36.3374],[-88.0923,36.3403],[-88.0965,36.3472],[-88.0968,36.3554],[-88.0937,36.3603],[-88.0877,36.3592],[-88.032,36.3598],[-87.992,36.359],[-87.9909,36.3601],[-87.9988,36.3657],[-88.0071,36.3803],[-88.0172,36.3959],[-88.0243,36.3993],[-88.0332,36.4095],[-88.036,36.4203],[-88.041,36.4257],[-88.0585,36.4392],[-88.0614,36.444],[-88.0611,36.4515],[-88.054,36.4634],[-88.052,36.4713],[-88.0563,36.4844],[-88.0567,36.4911],[-88.0533,36.4971],[-88.0652,36.4976],[-88.2167,36.4998],[-88.2841,36.5004],[-88.3805,36.5006],[-88.4405,36.5012],[-88.4924,36.5012],[-88.5164,36.5016]]]},"properties":{"NAME":"Henry","NAMELSAD":"Henry County","GEOID":"47079"}},
{"type":"Feature","geometry":{"type":"Polygon","coordinates":[[[-87.5668,36.1779],[-87.5522,36.1378],[-87.5445,36.0943],[-87.5492,36.0601],[-87.5454,36.0556],[-87.5453,36.0466],[-87.5508,36.0324],[-87.5469,36.0289],[-87.546,36.0228],[-87.553,36.0164],[-87.5465,36.0115],[-87.5405,36.003],[-87.54,35.9965],[-87.5345,35.9931],[-87.4899,35.9883],[-87.3762,35.9766],[-87.3019,35.9684],[-87.3022,35.9664],[-87.2858,35.9649],[-87.2769,35.9613],[-87.2742,35.9646],[-87.25,35.963],[-87.2042,35.9592],[-87.209,35.9627],[-87.2098,35.972],[-87.1998,35.9717],[-87.1994,35.9756],[-87.1908,35.9759],[-87.1905,35.9792],[-87.1974,35.98],[-87.1943,35.9899],[-87.1879,36.0255],[-87.1826,36.0497],[-87.1788,36.0672],[-87.1731,36.0709],[-87.1766,36.0807],[-87.173,36.0818],[-87.1728,36.1095],[-87.1658,36.1547],[-87.1721,36.1605],[-87.1708,36.166],[-87.1615,36.1722],[-87.1559,36.1732],[-87.1499,36.1769],[-87.1525,36.1826],[-87.1596,36.1916],[-87.1711,36.193],[-87.1714,36.2035],[-87.1799,36.2106],[-87.1865,36.2098],[-87.1874,36.2152],[-87.1816,36.2258],[-87.169,36.2276],[-87.1649,36.2355],[-87.171,36.2433],[-87.1712,36.2466],[-87.1781,36.2469],[-87.1861,36.2421],[-87.1927,36.2442],[-87.1933,36.249],[-87.1826,36.2574],[-87.1818,36.2598],[-87.1564,36.2716],[-87.155,36.2748],[-87.1585,36.2799],[-87.1556,36.284],[-87.1692,36.2853],[-87.1682,36.2917],[-87.1569,36.2913],[-87.1508,36.2995],[-87.153,36.3054],[-87.1566,36.3077],[-87.1674,36.3101],[-87.1773,36.3142],[-87.1918,36.3142],[-87.2021,36.316],[-87.2111,36.3148],[-87.2167,36.3159],[-87.2291,36.3258],[-87.2342,36.3267],[-87.2425,36.3234],[-87.2665,36.3208],[-87.2865,36.3219],[-87.2904,36.3175],[-87.2984,36.3173],[-87.3031,36.3124],[-87.3052,36.3193],[-87.315,36.3217],[-87.3156,36.3152],[-87.3219,36.3164],[-87.3209,36.3232],[-87.326,36.3236],[-87.3272,36.3159],[-87.393,36.3228],[-87.498,36.333],[-87.5135,36.3347],[-87.5163,36.31],[-87.5239,36.2512],[-87.5315,36.2497],[-87.5321,36.243],[-87.5292,36.2403],[-87.5304,36.2324],[-87.5668,36.1779]]]},"properties":{"NAME":"Dickson","NAMELSAD":"Dickson County","GEOID":"47043"}},
{"type":"Feature","geometry":{"type":"Polygon","coordinates":[[[-83.1661,36.1809],[-83.1682,36.175],[-83.1681,36.1671],[-83.1725,36.1588],[-83.1668,36.1508],[-83.1525,36.145],[-83.1421,36.1361],[-83.1397,36.1292],[-83.1279,36.1227],[-83.1176,36.1227],[-83.117,36.1111],[-83.1115,36.112],[-83.1086,36.1168],[-83.1028,36.1209],[-83.0987,36.1195],[-83.0978,36.1141],[-83.0813,36.1045],[-83.0738,36.0944],[-83.07,36.0921],[-83.0651,36.0938],[-83.0553,36.0871],[-83.0522,36.0779],[-83.0372,36.0657],[-83.0073,36.0398],[-82.9572,36.0001],[-82.8983,35.945],[-82.8927,35.945],[-82.8891,35.9483],[-82.8733,35.9523],[-82.8603,35.9475],[-82.852,35.9493],[-82.846,35.9462],[-82.8388,35.9375],[-82.8282,35.9325],[-82.822,35.9218],[-82.8027,35.9296],[-82.8063,35.9374],[-82.7997,35.9447],[-82.7874,35.9525],[-82.7853,35.962],[-82.7787,35.9664],[-82.776,35.9714],[-82.7857,35.9778],[-82.7853,35.9884],[-82.7793,35.9922],[-82.7757,36.0011],[-82.7719,36.0008],[-82.7626,36.0049],[-82.7544,36.0044],[-82.7492,36.0097],[-82.7452,36.0098],[-82.7396,36.0147],[-82.7257,36.0181],[-82.7163,36.0225],[-82.7149,36.0287],[-82.7086,36.0297],[-82.7012,36.0344],[-82.6896,36.0382],[-82.6841,36.0458],[-82.6749,36.0488],[-82.6593,36.0571],[-82.6549,36.0563],[-82.6477,36.0594],[-82.6372,36.0658],[-82.6323,36.0643],[-82.618,36.0559],[-82.6181,36.0468],[-82.6135,36.0466],[-82.603,36.0397],[-82.5772,36.0784],[-82.5951,36.0962],[-82.6388,36.1395],[-82.6365,36.1428],[-82.6408,36.1471],[-82.6478,36.1464],[-82.6462,36.1766],[-82.6518,36.1768],[-82.6457,36.1857],[-82.6448,36.1995],[-82.6504,36.211],[-82.6441,36.2107],[-82.6401,36.2626],[-82.6296,36.4115],[-82.6342,36.4135],[-82.6318,36.4188],[-82.7026,36.4104],[-82.7158,36.4015],[-82.7269,36.4045],[-82.7301,36.4027],[-82.7507,36.3864],[-82.7561,36.3834],[-82.7671,36.3819],[-82.775,36.3839],[-82.7797,36.3883],[-82.7955,36.3742],[-82.8093,36.3656],[-82.815,36.3639],[-82.8203,36.3681],[-82.8256,36.3685],[-82.8291,36.3657],[-82.8405,36.3707],[-82.854,36.3608],[-82.8598,36.3643],[-82.8743,36.3531],[-82.886,36.3529],[-82.8957,36.3461],[-82.9039,36.3386],[-82.908,36.3329],[-82.9155,36.3287],[-82.9279,36.334],[-82.9366,36.3349],[-82.9423,36.3319],[-82.9573,36.3188],[-82.9624,36.3157],[-82.9676,36.3164],[-82.9764,36.3052],[-82.9768,36.3015],[-82.9878,36.2916],[-82.9989,36.2837],[-83.0213,36.2697],[-83.024,36.2742],[-83.0325,36.2762],[-83.0425,36.2674],[-83.0493,36.2657],[-83.048,36.2616],[-83.0543,36.2558],[-83.0613,36.2523],[-83.0737,36.2419],[-83.0823,36.2423],[-83.0903,36.2378],[-83.0935,36.2323],[-83.0987,36.2303],[-83.112,36.2208],[-83.1251,36.2029],[-83.1304,36.2044],[-83.1326,36.1987],[-83.1373,36.1972],[-83.1387,36.1902],[-83.1498,36.1842],[-83.1616,36.1836],[-83.1661,36.1809]]]},"properties":{"NAME":"Greene","NAMELSAD":"Greene County","GEOID":"47059"}},
{"type":"Feature","geometry":{"type":"Polygon","coordinates":[[[-82.3405,36.2528],[-82.3466,36.2509],[-82.3581,36.2409],[-82.3563,36.2301],[-82.3659,36.2222],[-82.3705,36.2169],[-82.3686,36.2121],[-82.3773,36.2077],[-82.3808,36.2037],[-82.3888,36.2014],[-82.4014,36.1948],[-82.4011,36.1912],[-82.4078,36.1887],[-82.4167,36.1792],[-82.4165,36.1671],[-82.4207,36.1632],[-82.4293,36.164],[-82.4324,36.1577],[-82.4373,36.1547],[-82.4876,36.1557],[-82.5276,36.149],[-82.5951,36.0962],[-82.5772,36.0784],[-82.603,36.0397],[-82.6017,36.0361],[-82.5915,36.0356],[-82.591,36.0316],[-82.6029,36.0234],[-82.6028,36.0179],[-82.6076,36.016],[-82.6086,36.0083],[-82.6138,36.0049],[-82.6152,36.0008],[-82.6126,35.9935],[-82.6071,35.9924],[-82.6044,35.9875],[-82.6109,35.9744],[-82.6107,35.9672],[-82.6001,35.9646],[-82.5924,35.9663],[-82.5805,35.9653],[-82.5764,35.9588],[-82.5586,35.9539],[-82.55,35.9638],[-82.5402,35.969],[-82.531,35.9721],[-82.5251,35.9711],[-82.5221,35.974],[-82.5052,35.9776],[-82.4893,35.9907],[-82.4842,35.9933],[-82.4816,35.998],[-82.476,35.9982],[-82.4702,36.003],[-82.4606,36.0077],[-82.4102,36.0826],[-82.4024,36.0892],[-82.3892,36.0971],[-82.3805,36.0994],[-82.3747,36.1061],[-82.3643,36.1078],[-82.3557,36.1151],[-82.3365,36.1146],[-82.3234,36.1202],[-82.3207,36.1197],[-82.3096,36.1261],[-82.3025,36.1315],[-82.2886,36.1357],[-82.2806,36.1295],[-82.2639,36.1273],[-82.2603,36.1335],[-82.2543,36.1361],[-82.2513,36.1322],[-82.2454,36.1312],[-82.2406,36.1373],[-82.2241,36.1513],[-82.2221,36.157],[-82.2258,36.1775],[-82.2282,36.1789],[-82.229,36.1905],[-82.2403,36.2015],[-82.2475,36.2068],[-82.2516,36.2062],[-82.2588,36.2088],[-82.2642,36.2132],[-82.2625,36.2181],[-82.2553,36.2241],[-82.2577,36.2293],[-82.2564,36.2332],[-82.2789,36.2434],[-82.2847,36.2517],[-82.3195,36.2604],[-82.3354,36.2531],[-82.3405,36.2528]]]},"properties":{"NAME":"Unicoi","NAMELSAD":"Unicoi County","GEOID":"47171"}},
{"type":"Feature","geometry":{"type":"Polygon","coordinates":[[[-86.2452,35.6319],[-86.2419,35.6277],[-86.2477,35.6241],[-86.2445,35.6204],[-86.2451,35.6119],[-86.2439,35.6066],[-86.2422,35.5707],[-86.243,35.5342],[-86.2427,35.5178],[-86.2367,35.5058],[-86.2416,35.5042],[-86.2469,35.4661],[-86.2442,35.4587],[-86.2367,35.455],[-86.2378,35.4486],[-86.2466,35.4492],[-86.2496,35.426],[-86.2506,35.4132],[-86.2576,35.4125],[-86.2515,35.409],[-86.2517,35.4034],[-86.2609,35.4043],[-86.261,35.3978],[-86.2673,35.398],[-86.2799,35.3875],[-86.2533,35.3853],[-86.2571,35.3807],[-86.2583,35.3711],[-86.2724,35.3706],[-86.273,35.3664],[-86.262,35.3657],[-86.2585,35.358],[-86.2443,35.3561],[-86.2454,35.3474],[-86.2664,35.3386],[-86.2615,35.3336],[-86.2605,35.3375],[-86.2508,35.3369],[-86.2502,35.3447],[-86.2399,35.3445],[-86.2327,35.3412],[-86.2281,35.3434],[-86.2275,35.3475],[-86.2128,35.3469],[-86.2087,35.3382],[-86.1996,35.3375],[-86.1976,35.3335],[-86.1893,35.339],[-86.194,35.3445],[-86.172,35.3576],[-86.1723,35.3527],[-86.1605,35.3516],[-86.158,35.3626],[-86.0755,35.3501],[-86.0366,35.3437],[-86.027,35.3438],[-86.0335,35.3352],[-86.0237,35.3344],[-86.0036,35.3191],[-86.0024,35.3149],[-85.9939,35.3155],[-85.9903,35.3131],[-85.9851,35.3169],[-85.9769,35.3172],[-85.9772,35.3127],[-85.9662,35.3104],[-85.9625,35.3147],[-85.9566,35.3082],[-85.9468,35.308],[-85.9433,35.2986],[-85.9342,35.2998],[-85.9308,35.2927],[-85.9256,35.2905],[-85.9198,35.2919],[-85.9136,35.2892],[-85.9069,35.2973],[-85.9098,35.3004],[-85.9071,35.3066],[-85.9055,35.3176],[-85.9008,35.3178],[-85.9022,35.3271],[-85.9049,35.3304],[-85.8811,35.3488],[-85.8805,35.3606],[-85.875,35.3679],[-85.8697,35.3804],[-85.8834,35.3805],[-85.887,35.3815],[-85.8845,35.393],[-85.8892,35.444],[-85.8867,35.4679],[-85.8856,35.4895],[-85.8795,35.4918],[-85.8762,35.5073],[-85.8822,35.511],[-85.8828,35.5164],[-85.877,35.5241],[-85.8847,35.5332],[-85.8825,35.539],[-85.9046,35.5413],[-85.9041,35.5514],[-85.9082,35.5537],[-85.9176,35.5528],[-85.9264,35.5593],[-85.9344,35.563],[-85.9377,35.567],[-85.9384,35.5723],[-85.9482,35.5734],[-85.9455,35.5848],[-85.956,35.5862],[-85.9544,35.5942],[-85.9515,35.5994],[-85.9502,35.6099],[-85.9542,35.6102],[-85.9583,35.6191],[-85.9652,35.6205],[-85.964,35.6247],[-85.9694,35.6257],[-85.968,35.6317],[-85.9781,35.6508],[-85.9844,35.6501],[-85.9851,35.6601],[-85.9942,35.6605],[-85.9945,35.6537],[-86.0016,35.6526],[-86.0082,35.6572],[-86.0129,35.6541],[-86.0153,35.6494],[-86.0322,35.6511],[-86.033,35.6459],[-86.0527,35.6481],[-86.0533,35.644],[-86.07,35.6458],[-86.0889,35.6468],[-86.1203,35.6609],[-86.1437,35.6618],[-86.1511,35.667],[-86.1507,35.671],[-86.1596,35.6763],[-86.1659,35.6769],[-86.1658,35.6816],[-86.1755,35.6843],[-86.1771,35.687],[-86.1904,35.6925],[-86.1915,35.7017],[-86.1999,35.7018],[-86.2072,35.7038],[-86.2155,35.7009],[-86.2196,35.7062],[-86.2336,35.6912],[-86.2411,35.6907],[-86.2468,35.6854],[-86.2424,35.6742],[-86.2417,35.6685],[-86.2479,35.6665],[-86.2408,35.658],[-86.2449,35.6488],[-86.2449,35.6425],[-86.2414,35.6364],[-86.2452,35.6319]]]},"properties":{"NAME":"Coffee","NAMELSAD":"Coffee County","GEOID":"47031"}},
{"type":"Feature","geometry":{"type":"Polygon","coordinates":[[[-87.9707,35.8157],[-87.9739,35.7957],[-87.9799,35.7789],[-87.9863,35.7666],[-87.99,35.7617],[-88.003,35.7501],[-88.0146,35.7435],[-88.0216,35.7376],[-88.0323,35.7253],[-88.0348,35.7173],[-88.0339,35.7104],[-88.0284,35.6938],[-88.0176,35.6831],[-88.0166,35.6776],[-88.0189,35.6602],[-88.0358,35.6218],[-88.0342,35.6138],[-88.0205,35.5895],[-88.016,35.584],[-88.01,35.5722],[-87.9984,35.5531],[-87.9866,35.5417],[-87.9813,35.5353],[-87.9746,35.521],[-87.9744,35.5141],[-87.9795,35.4938],[-87.9813,35.4902],[-87.9891,35.4827],[-87.9982,35.4788],[-88.0052,35.478],[-88.0268,35.4721],[-88.0337,35.4619],[-88.0399,35.4593],[-88.0427,35.4535],[-88.0423,35.4446],[-88.0308,35.428],[-88.0217,35.4235],[-88.0077,35.4234],[-88.0127,35.4273],[-88.0118,35.4328],[-88.0052,35.437],[-88,35.4427],[-87.9914,35.4471],[-87.9893,35.4533],[-87.9827,35.4529],[-87.9807,35.4576],[-87.9732,35.46],[-87.9669,35.457],[-87.9615,35.4594],[-87.9473,35.459],[-87.9383,35.4639],[-87.932,35.4657],[-87.9263,35.4604],[-87.9142,35.4659],[-87.9058,35.4625],[-87.8934,35.4649],[-87.8837,35.471],[-87.8763,35.469],[-87.8649,35.476],[-87.8613,35.4745],[-87.8585,35.4654],[-87.8481,35.4653],[-87.8274,35.4699],[-87.822,35.4764],[-87.815,35.4765],[-87.8117,35.4814],[-87.8073,35.4795],[-87.8036,35.485],[-87.7526,35.4892],[-87.7455,35.4918],[-87.7338,35.4917],[-87.7176,35.4834],[-87.7159,35.4978],[-87.712,35.4975],[-87.711,35.5053],[-87.6907,35.5053],[-87.6858,35.5481],[-87.6875,35.5528],[-87.6817,35.5542],[-87.671,35.5514],[-87.6652,35.5532],[-87.6632,35.5581],[-87.6581,35.5601],[-87.6519,35.5661],[-87.6508,35.5761],[-87.6488,35.5799],[-87.6518,35.5838],[-87.6485,35.59],[-87.6549,35.5969],[-87.6582,35.6094],[-87.6615,35.6144],[-87.6758,35.6242],[-87.6768,35.6275],[-87.6839,35.63],[-87.6882,35.6343],[-87.6929,35.6345],[-87.6971,35.6386],[-87.7027,35.6394],[-87.7081,35.6454],[-87.7165,35.6468],[-87.7243,35.6504],[-87.7261,35.6545],[-87.733,35.6559],[-87.7438,35.664],[-87.7378,35.7023],[-87.726,35.7015],[-87.724,35.7043],[-87.7107,35.7036],[-87.71,35.7101],[-87.7169,35.7101],[-87.7243,35.729],[-87.7274,35.7256],[-87.7329,35.7263],[-87.7168,35.8388],[-87.8187,35.8368],[-87.8195,35.8293],[-87.826,35.8239],[-87.8381,35.823],[-87.8441,35.8207],[-87.8462,35.8163],[-87.8481,35.8041],[-87.8527,35.8038],[-87.8652,35.811],[-87.8742,35.813],[-87.8783,35.8181],[-87.8931,35.8249],[-87.9008,35.8244],[-87.9109,35.8327],[-87.9103,35.8383],[-87.9365,35.8387],[-87.9627,35.8409],[-87.969,35.8288],[-87.9707,35.8157]]]},"properties":{"NAME":"Perry","NAMELSAD":"Perry County","GEOID":"47135"}},
{"type":"Feature","geometry":{"type":"Polygon","coordinates":[[[-86.6189,35.9682],[-86.6186,35.9713],[-86.6274,35.974],[-86.6483,35.9764],[-86.6819,35.9894],[-86.6877,35.9953],[-86.6932,35.996],[-86.7129,36.0081],[-86.7321,36.0099],[-86.7771,36.0332],[-86.7909,36.0367],[-86.8013,36.0376],[-86.865,36.0447],[-86.9289,36.0529],[-87.0283,35.9899],[-87.0394,35.9892],[-87.0537,36.0456],[-87.0854,36.0438],[-87.1236,36.0463],[-87.1423,36.048],[-87.1826,36.0497],[-87.1879,36.0255],[-87.1943,35.9899],[-87.1974,35.98],[-87.1905,35.9792],[-87.1908,35.9759],[-87.1994,35.9756],[-87.1998,35.9717],[-87.2098,35.972],[-87.209,35.9627],[-87.2042,35.9592],[-87.2057,35.941],[-87.2014,35.9406],[-87.2108,35.8751],[-87.2151,35.8507],[-87.1574,35.8322],[-87.0155,35.787],[-87.0114,35.7812],[-86.9969,35.7805],[-86.9695,35.7717],[-86.9621,35.7753],[-86.9625,35.7829],[-86.9507,35.7816],[-86.9522,35.7735],[-86.9443,35.7727],[-86.9417,35.7796],[-86.9284,35.7781],[-86.9323,35.7687],[-86.9383,35.762],[-86.929,35.7572],[-86.9157,35.7536],[-86.8794,35.7408],[-86.854,35.7343],[-86.8494,35.7315],[-86.8455,35.7252],[-86.8229,35.7232],[-86.8119,35.7205],[-86.8113,35.7159],[-86.807,35.7125],[-86.7974,35.7115],[-86.7979,35.708],[-86.782,35.7066],[-86.7823,35.7034],[-86.7674,35.7024],[-86.7679,35.7087],[-86.7601,35.7082],[-86.7607,35.7018],[-86.7468,35.7032],[-86.7344,35.6989],[-86.7311,35.7068],[-86.6969,35.7054],[-86.6955,35.7109],[-86.6862,35.7101],[-86.6891,35.7133],[-86.6886,35.7184],[-86.6993,35.7178],[-86.7003,35.7226],[-86.6984,35.7351],[-86.6969,35.7523],[-86.6818,35.7501],[-86.6795,35.7563],[-86.6781,35.7658],[-86.6713,35.7717],[-86.6638,35.771],[-86.6597,35.7812],[-86.6629,35.7909],[-86.6499,35.7899],[-86.6471,35.7956],[-86.6321,35.7945],[-86.625,35.7949],[-86.6237,35.7912],[-86.6133,35.7903],[-86.6109,35.8041],[-86.6135,35.81],[-86.6252,35.8089],[-86.6233,35.8157],[-86.613,35.8135],[-86.6118,35.8246],[-86.626,35.8265],[-86.6255,35.8323],[-86.6173,35.8313],[-86.6164,35.8388],[-86.6034,35.8387],[-86.6015,35.8415],[-86.6004,35.8532],[-86.6071,35.8558],[-86.6174,35.8641],[-86.6214,35.8826],[-86.6138,35.8838],[-86.6176,35.8999],[-86.6263,35.9073],[-86.6269,35.9159],[-86.615,35.9437],[-86.625,35.9539],[-86.6224,35.958],[-86.622,35.9641],[-86.6189,35.9682]]]},"properties":{"NAME":"Williamson","NAMELSAD":"Williamson County","GEOID":"47187"}},
{"type":"Feature","geometry":{"type":"Polygon","coordinates":[[[-85.1002,36.1386],[-85.1073,36.1329],[-85.1108,36.1331],[-85.1318,36.1283],[-85.1528,36.0996],[-85.2358,36.1058],[-85.2362,36.1006],[-85.2464,36.1007],[-85.2482,36.0845],[-85.2443,36.0796],[-85.2425,36.0726],[-85.2467,36.0679],[-85.2474,36.0632],[-85.2433,36.0549],[-85.2475,36.0506],[-85.2489,36.0405],[-85.2514,36.0405],[-85.2604,35.9967],[-85.2549,35.9965],[-85.257,35.9785],[-85.2642,35.9792],[-85.2655,35.9658],[-85.2496,35.9328],[-85.2427,35.913],[-85.2131,35.9104],[-85.2145,35.899],[-85.2239,35.8997],[-85.2248,35.8932],[-85.2316,35.8932],[-85.2225,35.8774],[-85.228,35.8561],[-85.2414,35.8095],[-85.2474,35.81],[-85.2484,35.7988],[-85.2604,35.8],[-85.263,35.7905],[-85.2694,35.7934],[-85.2727,35.7877],[-85.2604,35.7826],[-85.2575,35.7872],[-85.2478,35.7867],[-85.2535,35.7669],[-85.2541,35.7656],[-85.1481,35.7688],[-85.1034,35.7699],[-85.085,35.7606],[-85.0738,35.7605],[-85.0611,35.7676],[-85.0487,35.7675],[-85.0411,35.7718],[-85.0326,35.7593],[-85.0343,35.7527],[-85.0326,35.747],[-85.0288,35.7463],[-84.9285,35.7686],[-84.9205,35.7619],[-84.9161,35.7619],[-84.9051,35.7737],[-84.8824,35.7788],[-84.7978,35.8252],[-84.7819,35.825],[-84.7761,35.8268],[-84.7637,35.8337],[-84.761,35.841],[-84.7522,35.8469],[-84.7432,35.8512],[-84.738,35.8514],[-84.7367,35.8561],[-84.7288,35.8592],[-84.7178,35.8751],[-84.7062,35.8961],[-84.6975,35.8996],[-84.6851,35.9029],[-84.6806,35.9085],[-84.7207,35.9949],[-84.7921,36.0595],[-84.8049,36.0886],[-84.8113,36.0871],[-84.8142,36.0934],[-84.8192,36.0954],[-84.8261,36.0929],[-84.8281,36.0863],[-84.8324,36.084],[-84.8626,36.125],[-84.8709,36.1369],[-84.8773,36.1383],[-84.8835,36.1451],[-84.8975,36.1472],[-84.9078,36.1563],[-84.9155,36.151],[-84.9214,36.1508],[-84.9259,36.147],[-84.9332,36.1463],[-84.9329,36.1508],[-84.9371,36.1549],[-84.9516,36.1537],[-84.959,36.1479],[-84.9732,36.1596],[-84.9805,36.1578],[-84.9856,36.1613],[-84.9952,36.1605],[-84.9975,36.1522],[-85.0007,36.1509],[-85.0109,36.1597],[-85.0186,36.1603],[-85.0218,36.1653],[-85.0258,36.1651],[-85.0278,36.17],[-85.0331,36.1685],[-85.035,36.163],[-85.0391,36.1633],[-85.0444,36.1532],[-85.0561,36.153],[-85.067,36.147],[-85.0695,36.1399],[-85.0767,36.1406],[-85.0816,36.1382],[-85.0817,36.1328],[-85.1002,36.1386]]]},"properties":{"NAME":"Cumberland","NAMELSAD":"Cumberland County","GEOID":"47035"}},
{"type":"Feature","geometry":{"type":"Polygon","coordinates":[[[-83.9417,36.1864],[-83.9476,36.1819],[-83.952,36.1817],[-83.9572,36.1776],[-83.9638,36.1752],[-83.9699,36.1675],[-83.9762,36.1681],[-83.9757,36.1629],[-83.9796,36.1608],[-83.9997,36.1444],[-83.9989,36.1408],[-84.0079,36.1353],[-84.0153,36.1354],[-84.0166,36.1286],[-84.0205,36.1289],[-84.0272,36.1239],[-84.0294,36.1167],[-84.041,36.1108],[-84.0461,36.1038],[-84.0636,36.0937],[-84.0724,36.0833],[-84.0781,36.0809],[-84.0829,36.0764],[-84.093,36.0735],[-84.094,36.0689],[-84.0586,36.0363],[-84.0682,36.0314],[-84.0709,36.0263],[-84.0766,36.0235],[-84.0851,36.0167],[-84.1015,36.0117],[-84.104,36.008],[-84.1143,35.9997],[-84.1199,36.001],[-84.1382,35.9929],[-84.1495,35.9869],[-84.1579,35.9913],[-84.1618,35.9899],[-84.1846,35.9929],[-84.1923,35.9955],[-84.1957,35.9903],[-84.1943,35.9836],[-84.1989,35.9772],[-84.2134,35.9758],[-84.2165,35.9665],[-84.2206,35.9616],[-84.2145,35.9541],[-84.2141,35.9479],[-84.2214,35.9458],[-84.233,35.9526],[-84.2407,35.9557],[-84.2459,35.9505],[-84.2399,35.948],[-84.2392,35.941],[-84.2358,35.9317],[-84.2417,35.9292],[-84.2478,35.9329],[-84.2543,35.9399],[-84.2647,35.9436],[-84.2716,35.9422],[-84.2729,35.9367],[-84.2564,35.9284],[-84.2527,35.9204],[-84.2533,35.9174],[-84.2616,35.9144],[-84.2679,35.9139],[-84.2716,35.9102],[-84.2684,35.9026],[-84.2634,35.8969],[-84.2499,35.8851],[-84.1654,35.8068],[-84.1663,35.8051],[-84.1621,35.8019],[-84.1597,35.7952],[-84.1524,35.7938],[-84.1443,35.7958],[-84.1395,35.8001],[-84.1376,35.806],[-84.1426,35.8185],[-84.1418,35.8236],[-84.1349,35.8313],[-84.1345,35.8351],[-84.1471,35.845],[-84.1457,35.8496],[-84.1317,35.8511],[-84.123,35.8444],[-84.1226,35.8408],[-84.1264,35.8355],[-84.1246,35.8315],[-84.1173,35.8324],[-84.1031,35.8441],[-84.089,35.8493],[-84.079,35.8508],[-84.0701,35.8441],[-84.0702,35.8375],[-84.0679,35.8316],[-84.0583,35.8273],[-84.055,35.8276],[-84.05,35.834],[-84.0522,35.8447],[-84.0499,35.8513],[-84.0396,35.8538],[-84.0314,35.852],[-84.0278,35.8486],[-84.0252,35.8417],[-84.0165,35.8395],[-84.0094,35.8442],[-84.0067,35.8489],[-84.0077,35.8586],[-84.0114,35.8653],[-84.0181,35.869],[-84.0244,35.8693],[-84.0287,35.8737],[-84.0268,35.8773],[-84.0086,35.8751],[-84.003,35.8784],[-84.0001,35.8828],[-83.994,35.8832],[-83.9929,35.8798],[-83.9872,35.8778],[-83.9831,35.8736],[-83.9816,35.8688],[-83.9754,35.8634],[-83.9651,35.8673],[-83.9614,35.8736],[-83.9505,35.8754],[-83.9453,35.8735],[-83.9391,35.8676],[-83.9327,35.868],[-83.9068,35.8544],[-83.9075,35.8466],[-83.8955,35.8484],[-83.888,35.8445],[-83.8535,35.8411],[-83.8437,35.8469],[-83.8296,35.8623],[-83.8243,35.8669],[-83.8123,35.8747],[-83.8118,35.8784],[-83.7943,35.8871],[-83.7837,35.8926],[-83.7789,35.8966],[-83.7742,35.9053],[-83.7681,35.9083],[-83.7676,35.9115],[-83.758,35.9148],[-83.7526,35.9183],[-83.7407,35.921],[-83.7385,35.917],[-83.7328,35.9196],[-83.7214,35.9272],[-83.6978,35.9398],[-83.6934,35.9447],[-83.6881,35.9387],[-83.6831,35.9398],[-83.6874,35.9465],[-83.6866,35.95],[-83.6778,35.9529],[-83.6688,35.9598],[-83.6624,35.9665],[-83.6546,35.9719],[-83.6597,35.9859],[-83.651,35.9864],[-83.6513,35.9896],[-83.6619,35.9915],[-83.669,36.0087],[-83.67,36.0185],[-83.6749,36.0296],[-83.6733,36.0385],[-83.6752,36.0482],[-83.6712,36.0531],[-83.6847,36.0545],[-83.6849,36.0575],[-83.692,36.061],[-83.6934,36.0645],[-83.7003,36.0712],[-83.7099,36.087],[-83.7101,36.0915],[-83.7063,36.0952],[-83.6991,36.0962],[-83.6913,36.0946],[-83.6747,36.0818],[-83.6675,36.0806],[-83.667,36.0862],[-83.6757,36.0981],[-83.6812,36.1018],[-83.6872,36.1023],[-83.6872,36.1118],[-83.6946,36.1113],[-83.6943,36.1209],[-83.7,36.1229],[-83.704,36.1207],[-83.7064,36.1282],[-83.7126,36.1288],[-83.7169,36.1322],[-83.7251,36.1424],[-83.7229,36.1519],[-83.7307,36.1585],[-83.7327,36.1646],[-83.904,36.169],[-83.9005,36.1645],[-83.9052,36.1609],[-83.9061,36.169],[-83.9227,36.1694],[-83.9345,36.179],[-83.9417,36.1864]]]},"properties":{"NAME":"Knox","NAMELSAD":"Knox County","GEOID":"47093"}},
{"type":"Feature","geometry":{"type":"Polygon","coordinates":[[[-83.2346,36.0851],[-83.2405,36.0888],[-83.2466,36.0885],[-83.2539,36.0822],[-83.2498,36.0747],[-83.2448,36.0622],[-83.2402,36.0574],[-83.2408,36.0516],[-83.2439,36.0474],[-83.2567,36.0443],[-83.2614,36.0339],[-83.2577,36.0241],[-83.26,36.0156],[-83.2581,36.004],[-83.2621,35.9974],[-83.2716,36.0007],[-83.2767,36.0077],[-83.2937,35.9106],[-83.2979,35.9015],[-83.3058,35.9002],[-83.3108,35.8959],[-83.3152,35.8933],[-83.3155,35.8894],[-83.3075,35.8866],[-83.3097,35.8802],[-83.3087,35.8717],[-83.2888,35.8657],[-83.2934,35.8543],[-83.2893,35.8529],[-83.2841,35.8476],[-83.2819,35.841],[-83.2749,35.8329],[-83.2705,35.833],[-83.27,35.8273],[-83.2617,35.8254],[-83.2636,35.819],[-83.2736,35.8143],[-83.2735,35.8198],[-83.2806,35.8186],[-83.2784,35.8065],[-83.2822,35.8002],[-83.2874,35.7955],[-83.286,35.7912],[-83.2868,35.7836],[-83.2839,35.7783],[-83.2784,35.7797],[-83.2751,35.7692],[-83.2808,35.7501],[-83.2804,35.7327],[-83.2779,35.7309],[-83.275,35.7219],[-83.2764,35.7136],[-83.2708,35.713],[-83.2604,35.7154],[-83.2553,35.7151],[-83.2504,35.7204],[-83.2434,35.7224],[-83.2408,35.7269],[-83.2176,35.7259],[-83.2142,35.7241],[-83.2075,35.7261],[-83.2008,35.7251],[-83.1851,35.7308],[-83.1778,35.7444],[-83.1703,35.746],[-83.1647,35.7544],[-83.1651,35.7595],[-83.1583,35.765],[-83.149,35.764],[-83.1464,35.7654],[-83.1363,35.7652],[-83.1277,35.7681],[-83.1206,35.7664],[-83.1182,35.7698],[-83.1112,35.7706],[-83.1047,35.7743],[-83.0968,35.7764],[-83.0854,35.7857],[-83.0787,35.7896],[-83.0739,35.7901],[-83.0665,35.7871],[-83.0528,35.7897],[-83.0431,35.7855],[-83.0365,35.7875],[-83.0239,35.7834],[-83.0207,35.7806],[-83.0158,35.782],[-83.006,35.7785],[-83.0012,35.7737],[-82.9959,35.7731],[-82.9841,35.778],[-82.9743,35.787],[-82.9696,35.7897],[-82.9618,35.791],[-82.9628,35.7957],[-82.9518,35.8166],[-82.9456,35.8246],[-82.9362,35.8254],[-82.9335,35.8303],[-82.9341,35.8367],[-82.9202,35.8394],[-82.9166,35.8415],[-82.9199,35.8483],[-82.9208,35.8682],[-82.9108,35.8686],[-82.9012,35.8727],[-82.8968,35.8783],[-82.9036,35.8805],[-82.9068,35.8839],[-82.9011,35.8925],[-82.9047,35.897],[-82.907,35.9076],[-82.9104,35.9125],[-82.9136,35.9243],[-82.9122,35.9296],[-82.9043,35.9262],[-82.8991,35.9296],[-82.9018,35.9379],[-82.8983,35.945],[-82.9572,36.0001],[-83.0073,36.0398],[-83.0372,36.0657],[-83.0522,36.0779],[-83.0553,36.0871],[-83.0651,36.0938],[-83.07,36.0921],[-83.0738,36.0944],[-83.0813,36.1045],[-83.0978,36.1141],[-83.0987,36.1195],[-83.1028,36.1209],[-83.1086,36.1168],[-83.1115,36.112],[-83.117,36.1111],[-83.1176,36.1227],[-83.1279,36.1227],[-83.1397,36.1292],[-83.1421,36.1361],[-83.1525,36.145],[-83.1668,36.1508],[-83.1725,36.1588],[-83.1681,36.1671],[-83.1682,36.175],[-83.1661,36.1809],[-83.1732,36.1805],[-83.1853,36.1768],[-83.1877,36.1695],[-83.182,36.162],[-83.179,36.153],[-83.1751,36.1274],[-83.1853,36.1254],[-83.1953,36.1289],[-83.203,36.1388],[-83.2091,36.1421],[-83.2172,36.1502],[-83.2249,36.1491],[-83.2249,36.1434],[-83.2198,36.1348],[-83.2197,36.1275],[-83.2256,36.1216],[-83.2408,36.1265],[-83.2462,36.1232],[-83.244,36.1181],[-83.235,36.1059],[-83.2328,36.0999],[-83.2269,36.0925],[-83.2255,36.0828],[-83.2282,36.0814],[-83.2346,36.0851]]]},"properties":{"NAME":"Cocke","NAMELSAD":"Cocke County","GEOID":"47029"}},
{"type":"Feature","geometry":{"type":"Polygon","coordinates":[[[-83.4721,36.5973],[-83.4326,36.5731],[-83.4142,36.5533],[-83.3983,36.5349],[-83.3859,36.5086],[-83.3837,36.5001],[-83.376,36.4819],[-83.3694,36.4592],[-83.3716,36.4339],[-83.3777,36.4301],[-83.3779,36.422],[-83.3878,36.4187],[-83.3868,36.4132],[-83.3894,36.4082],[-83.3521,36.4198],[-83.341,36.4084],[-83.3252,36.4079],[-83.3185,36.4053],[-83.3153,36.3988],[-83.3086,36.3996],[-83.3075,36.3928],[-83.3047,36.3884],[-83.293,36.3925],[-83.2806,36.3947],[-83.279,36.3942],[-83.2615,36.3986],[-83.2346,36.4078],[-83.2228,36.4102],[-83.209,36.4165],[-83.2022,36.4215],[-83.1939,36.4243],[-83.1975,36.4317],[-83.201,36.4324],[-83.2069,36.4416],[-83.2022,36.4438],[-83.2001,36.4484],[-83.192,36.4506],[-83.1622,36.4618],[-83.1672,36.4713],[-83.1627,36.4737],[-83.1632,36.4779],[-83.1578,36.4825],[-83.1457,36.4894],[-83.1451,36.4924],[-83.1344,36.4973],[-83.1275,36.5024],[-83.1234,36.5075],[-83.1256,36.5107],[-83.1194,36.5143],[-83.106,36.5174],[-83.1038,36.5217],[-83.0405,36.5519],[-83.0341,36.549],[-83.0272,36.5512],[-83.023,36.5559],[-83.0108,36.5637],[-83.0045,36.5641],[-82.9983,36.5593],[-82.9902,36.5619],[-82.9839,36.5445],[-82.9743,36.5487],[-82.9704,36.5522],[-82.9608,36.5552],[-82.9505,36.543],[-82.9256,36.5544],[-82.9137,36.5589],[-82.884,36.5732],[-82.8619,36.5814],[-82.8304,36.5938],[-82.8879,36.5935],[-82.9662,36.5938],[-83.1249,36.5941],[-83.1756,36.5939],[-83.2611,36.5939],[-83.2763,36.5982],[-83.3749,36.5974],[-83.4721,36.5973]]]},"properties":{"NAME":"Hancock","NAMELSAD":"Hancock County","GEOID":"47067"}},
{"type":"Feature","geometry":{"type":"Polygon","coordinates":[[[-88.3626,35.381],[-88.3656,35.3157],[-88.3726,35.3158],[-88.3725,35.3055],[-88.3749,35.304],[-88.3749,35.2911],[-88.3672,35.291],[-88.3684,35.2573],[-88.3694,35.2487],[-88.3744,35.1251],[-88.3766,35.0787],[-88.3801,35.0001],[-88.3805,34.9956],[-88.3725,34.9955],[-88.283,34.9957],[-88.2581,34.9955],[-88.2001,34.9956],[-88.203,35.008],[-88.1565,35.0073],[-88,35.0059],[-87.9849,35.0059],[-87.9843,35.1251],[-87.9828,35.2294],[-87.9816,35.2957],[-87.9846,35.2953],[-87.9935,35.2989],[-87.9974,35.3023],[-88.0047,35.3007],[-88.0095,35.3015],[-88.0154,35.299],[-88.0176,35.3045],[-88.014,35.3092],[-88.0142,35.314],[-88.0175,35.3166],[-88.0146,35.3286],[-88.0165,35.3348],[-88.0103,35.3386],[-88.0049,35.3509],[-88.0101,35.3587],[-88.0171,35.3664],[-88.0247,35.3696],[-88.0247,35.3923],[-88.0303,35.3967],[-88.061,35.4166],[-88.0668,35.4174],[-88.0884,35.4054],[-88.1063,35.3906],[-88.1145,35.3858],[-88.125,35.3839],[-88.1448,35.3863],[-88.1613,35.3923],[-88.1665,35.3921],[-88.1897,35.3843],[-88.1965,35.3796],[-88.1996,35.3826],[-88.1968,35.3875],[-88.1986,35.3929],[-88.2069,35.3947],[-88.2101,35.4073],[-88.216,35.4102],[-88.2242,35.4112],[-88.2261,35.4141],[-88.2321,35.4143],[-88.2326,35.4194],[-88.2405,35.4201],[-88.2417,35.4233],[-88.242,35.4187],[-88.25,35.4165],[-88.3608,35.419],[-88.3615,35.4089],[-88.3518,35.4067],[-88.3553,35.4031],[-88.3555,35.397],[-88.3619,35.3971],[-88.3626,35.381]]]},"properties":{"NAME":"Hardin","NAMELSAD":"Hardin County","GEOID":"47071"}},
{"type":"Feature","geometry":{"type":"Polygon","coordinates":[[[-83.4721,36.5973],[-83.5569,36.5974],[-83.622,36.598],[-83.6456,36.6],[-83.6754,36.6008],[-83.6908,36.5826],[-83.7907,36.584],[-83.874,36.5859],[-83.9876,36.5895],[-83.9825,36.5853],[-83.9847,36.5749],[-83.9834,36.5703],[-83.9846,36.5605],[-83.978,36.5556],[-83.9801,36.5507],[-83.9608,36.5089],[-83.9364,36.4601],[-83.9303,36.46],[-83.9333,36.4533],[-83.9276,36.4411],[-83.9241,36.4369],[-83.9226,36.4278],[-83.9114,36.4263],[-83.9073,36.4291],[-83.8998,36.4232],[-83.9056,36.42],[-83.8942,36.4199],[-83.8895,36.424],[-83.8847,36.4213],[-83.8708,36.4311],[-83.8612,36.4347],[-83.8535,36.4319],[-83.8519,36.428],[-83.8404,36.4274],[-83.8326,36.42],[-83.8201,36.4289],[-83.8055,36.4359],[-83.8005,36.4328],[-83.799,36.428],[-83.8079,36.4224],[-83.8054,36.4166],[-83.8012,36.4182],[-83.798,36.4241],[-83.7919,36.4209],[-83.796,36.4168],[-83.7951,36.4133],[-83.7804,36.4056],[-83.775,36.4049],[-83.7662,36.3992],[-83.7606,36.3921],[-83.7579,36.384],[-83.7507,36.3801],[-83.7483,36.3713],[-83.7434,36.3696],[-83.7436,36.3613],[-83.7466,36.3593],[-83.7431,36.353],[-83.7389,36.3525],[-83.733,36.345],[-83.7218,36.3427],[-83.7111,36.3462],[-83.7021,36.3627],[-83.6973,36.3657],[-83.6907,36.3603],[-83.6814,36.357],[-83.6674,36.3444],[-83.6625,36.3396],[-83.6626,36.334],[-83.6545,36.3333],[-83.6529,36.3379],[-83.6471,36.3397],[-83.6403,36.3361],[-83.6325,36.3384],[-83.6262,36.3428],[-83.6148,36.3456],[-83.6081,36.3542],[-83.5973,36.3572],[-83.5942,36.3675],[-83.5851,36.3684],[-83.5785,36.3639],[-83.569,36.365],[-83.5684,36.37],[-83.5619,36.3719],[-83.5584,36.3635],[-83.5526,36.3623],[-83.5509,36.3683],[-83.5446,36.3582],[-83.5372,36.3527],[-83.5316,36.3563],[-83.5325,36.3651],[-83.5267,36.3636],[-83.5252,36.3594],[-83.5178,36.3574],[-83.5185,36.3628],[-83.5118,36.3709],[-83.5065,36.3725],[-83.5014,36.3631],[-83.4963,36.3622],[-83.4945,36.3689],[-83.4981,36.3751],[-83.4942,36.3794],[-83.4873,36.3773],[-83.4826,36.3796],[-83.466,36.3692],[-83.4492,36.3743],[-83.4537,36.386],[-83.4495,36.3877],[-83.4523,36.3974],[-83.4483,36.3969],[-83.4414,36.4021],[-83.4416,36.4108],[-83.4391,36.4129],[-83.4302,36.4076],[-83.4281,36.4095],[-83.4297,36.4172],[-83.4259,36.418],[-83.4171,36.4114],[-83.4172,36.4174],[-83.4131,36.4206],[-83.4042,36.4158],[-83.3935,36.4152],[-83.3868,36.4132],[-83.3878,36.4187],[-83.3779,36.422],[-83.3777,36.4301],[-83.3716,36.4339],[-83.3694,36.4592],[-83.376,36.4819],[-83.3837,36.5001],[-83.3859,36.5086],[-83.3983,36.5349],[-83.4142,36.5533],[-83.4326,36.5731],[-83.4721,36.5973]]]},"properties":{"NAME":"Claiborne","NAMELSAD":"Claiborne County","GEOID":"47025"}},
{"type":"Feature","geometry":{"type":"Polygon","coordinates":[[[-84.9161,35.7619],[-84.9286,35.7482],[-84.9899,35.6818],[-84.9812,35.6795],[-84.9816,35.6748],[-84.9955,35.6758],[-85.0423,35.6251],[-85.0476,35.6187],[-85.1078,35.5714],[-85.1098,35.5416],[-85.1056,35.5488],[-85.1021,35.5441],[-85.0991,35.5337],[-85.1139,35.5248],[-85.1193,35.529],[-85.1326,35.5141],[-85.1412,35.5001],[-85.1438,35.4927],[-85.1404,35.488],[-85.1344,35.4915],[-85.1312,35.4819],[-85.1265,35.482],[-85.116,35.4757],[-85.1352,35.4587],[-85.12,35.4581],[-85.1117,35.457],[-85.1096,35.4503],[-85.1033,35.4455],[-85.1107,35.4372],[-85.1064,35.4321],[-85.1011,35.4294],[-85.0911,35.4321],[-85.0872,35.4346],[-85.082,35.4311],[-85.0738,35.4295],[-85.0671,35.4368],[-85.0163,35.4093],[-85.006,35.4159],[-84.994,35.4262],[-84.9801,35.4393],[-84.9792,35.4439],[-84.9844,35.4557],[-84.9846,35.4661],[-84.9801,35.4701],[-84.973,35.4694],[-84.969,35.4667],[-84.9627,35.4527],[-84.9568,35.4461],[-84.9459,35.4397],[-84.9296,35.4371],[-84.9207,35.4381],[-84.9151,35.4408],[-84.9071,35.4479],[-84.9037,35.4555],[-84.9045,35.4721],[-84.9018,35.478],[-84.8954,35.483],[-84.8875,35.4857],[-84.8744,35.488],[-84.8656,35.492],[-84.86,35.4971],[-84.8572,35.5056],[-84.8627,35.5153],[-84.8774,35.5251],[-84.8804,35.5311],[-84.8804,35.5392],[-84.874,35.5502],[-84.8648,35.5545],[-84.8559,35.5541],[-84.8155,35.5454],[-84.8042,35.5464],[-84.7949,35.5526],[-84.7952,35.5597],[-84.8005,35.5646],[-84.8081,35.5688],[-84.8116,35.5756],[-84.8099,35.5825],[-84.8018,35.5877],[-84.7887,35.5916],[-84.7824,35.5948],[-84.7772,35.6008],[-84.7764,35.6082],[-84.7778,35.6132],[-84.7857,35.6263],[-84.7863,35.6328],[-84.7844,35.6374],[-84.7783,35.6446],[-84.7818,35.6739],[-84.7784,35.6829],[-84.7696,35.6894],[-84.7663,35.7001],[-84.7619,35.7018],[-84.7536,35.6989],[-84.7494,35.6932],[-84.7516,35.6805],[-84.7472,35.6782],[-84.7406,35.6795],[-84.7232,35.6897],[-84.7204,35.6949],[-84.7231,35.7069],[-84.72,35.7151],[-84.7119,35.725],[-84.7134,35.7361],[-84.723,35.7501],[-84.7239,35.7529],[-84.7305,35.7517],[-84.7331,35.7487],[-84.7388,35.7514],[-84.7472,35.7512],[-84.7545,35.7544],[-84.7576,35.7608],[-84.7522,35.7674],[-84.7506,35.7744],[-84.743,35.7742],[-84.738,35.7793],[-84.7396,35.7875],[-84.7495,35.7949],[-84.7578,35.7954],[-84.7655,35.7994],[-84.7717,35.8082],[-84.7803,35.8132],[-84.7849,35.8124],[-84.7874,35.8173],[-84.7819,35.825],[-84.7978,35.8252],[-84.8824,35.7788],[-84.9051,35.7737],[-84.9161,35.7619]]]},"properties":{"NAME":"Rhea","NAMELSAD":"Rhea County","GEOID":"47143"}},
{"type":"Feature","geometry":{"type":"Polygon","coordinates":[[[-85.2849,36.5313],[-85.2996,36.5271],[-85.299,36.5223],[-85.316,36.5276],[-85.3379,36.5279],[-85.3616,36.5195],[-85.3671,36.5136],[-85.371,36.5131],[-85.3808,36.5075],[-85.3899,36.5056],[-85.3817,36.4945],[-85.3832,36.4888],[-85.3919,36.492],[-85.4008,36.4913],[-85.4028,36.4976],[-85.3926,36.5045],[-85.421,36.5018],[-85.4245,36.5025],[-85.4388,36.5011],[-85.4464,36.498],[-85.4532,36.4922],[-85.4568,36.4819],[-85.4695,36.4699],[-85.4817,36.4543],[-85.4912,36.4275],[-85.4949,36.4098],[-85.4954,36.4031],[-85.4973,36.3726],[-85.4951,36.3023],[-85.49,36.2995],[-85.4835,36.3037],[-85.4714,36.302],[-85.468,36.3049],[-85.4628,36.3032],[-85.4593,36.2981],[-85.4635,36.2935],[-85.4561,36.2889],[-85.4539,36.281],[-85.4658,36.2815],[-85.4635,36.277],[-85.4537,36.2768],[-85.4529,36.2615],[-85.4431,36.259],[-85.4357,36.2622],[-85.433,36.2553],[-85.4364,36.2537],[-85.4359,36.2472],[-85.4227,36.2453],[-85.4195,36.2415],[-85.4194,36.2362],[-85.4071,36.2344],[-85.3858,36.226],[-85.3786,36.2278],[-85.3742,36.223],[-85.3652,36.2262],[-85.3656,36.2206],[-85.3267,36.2179],[-85.3237,36.2039],[-85.3268,36.2009],[-85.2995,36.1923],[-85.2741,36.1816],[-85.2705,36.1859],[-85.2603,36.1858],[-85.2658,36.181],[-85.2631,36.177],[-85.2493,36.1706],[-85.2042,36.1525],[-85.1196,36.1447],[-85.0825,36.1962],[-85.1106,36.2678],[-85.1222,36.3046],[-85.1207,36.375],[-85.1204,36.4072],[-85.1289,36.4056],[-85.1351,36.407],[-85.1345,36.4136],[-85.1363,36.4187],[-85.1469,36.4358],[-85.1479,36.4562],[-85.1503,36.4601],[-85.1592,36.4638],[-85.1577,36.4668],[-85.1854,36.4904],[-85.2086,36.5071],[-85.2233,36.515],[-85.2398,36.5206],[-85.25,36.5231],[-85.2608,36.5297],[-85.2584,36.5332],[-85.2692,36.5403],[-85.2785,36.5363],[-85.2849,36.5313]]]},"properties":{"NAME":"Overton","NAMELSAD":"Overton County","GEOID":"47133"}},
{"type":"Feature","geometry":{"type":"Polygon","coordinates":[[[-88.8273,36.5026],[-88.9598,36.5021],[-89.0148,36.5028],[-89.0671,36.5031],[-89.1371,36.5039],[-89.1813,36.5052],[-89.2501,36.5062],[-89.301,36.5072],[-89.3461,36.5032],[-89.3436,36.4853],[-89.3404,36.476],[-89.3449,36.4706],[-89.3601,36.4565],[-89.3654,36.4476],[-89.3692,36.4343],[-89.3679,36.4244],[-89.3601,36.4093],[-89.3806,36.3771],[-89.4049,36.3511],[-89.4006,36.3318],[-89.4011,36.3237],[-89.4043,36.3137],[-89.4162,36.2923],[-89.4206,36.2791],[-89.429,36.2593],[-89.4437,36.2366],[-89.4512,36.2297],[-89.458,36.227],[-89.4716,36.2261],[-89.4858,36.2209],[-89.483,36.2127],[-89.4487,36.2122],[-89.375,36.2099],[-89.2451,36.2072],[-89.1545,36.2047],[-89.0921,36.2033],[-89.0001,36.2021],[-88.9611,36.202],[-88.9598,36.2228],[-88.957,36.2696],[-88.9502,36.4093],[-88.9422,36.4081],[-88.9399,36.4113],[-88.9325,36.4107],[-88.9258,36.4077],[-88.9144,36.4066],[-88.9083,36.3993],[-88.8971,36.3935],[-88.8913,36.3948],[-88.8865,36.3929],[-88.8703,36.402],[-88.8667,36.4015],[-88.8626,36.4062],[-88.8543,36.4086],[-88.8465,36.4132],[-88.8216,36.4128],[-88.8164,36.4107],[-88.8154,36.4225],[-88.814,36.4708],[-88.8167,36.4773],[-88.8201,36.4787],[-88.8225,36.4881],[-88.8271,36.4958],[-88.8273,36.5026]]]},"properties":{"NAME":"Obion","NAMELSAD":"Obion County","GEOID":"47131"}},
{"type":"Feature","geometry":{"type":"Polygon","coordinates":[[[-87.1204,36.4555],[-87.095,36.4403],[-87.0277,36.4005],[-87.0054,36.3924],[-86.9881,36.3692],[-86.9841,36.3714],[-86.9793,36.3683],[-86.9717,36.3666],[-86.9708,36.3734],[-86.9623,36.3771],[-86.9564,36.3769],[-86.9493,36.3794],[-86.9417,36.3783],[-86.9366,36.3845],[-86.9279,36.3825],[-86.9196,36.3871],[-86.9132,36.3826],[-86.9096,36.3899],[-86.8943,36.3891],[-86.8893,36.3867],[-86.8834,36.3803],[-86.8786,36.3786],[-86.8788,36.3747],[-86.8702,36.3742],[-86.8622,36.3696],[-86.8628,36.3812],[-86.8529,36.3801],[-86.8543,36.3698],[-86.8445,36.3652],[-86.8386,36.3594],[-86.8307,36.356],[-86.8241,36.3513],[-86.8157,36.3528],[-86.795,36.3599],[-86.7872,36.36],[-86.7869,36.3658],[-86.792,36.3693],[-86.791,36.3768],[-86.7847,36.3794],[-86.7806,36.3867],[-86.7819,36.3896],[-86.7724,36.3932],[-86.7643,36.3943],[-86.7642,36.3997],[-86.7581,36.3999],[-86.7548,36.4055],[-86.7499,36.4105],[-86.7483,36.4186],[-86.7355,36.4183],[-86.7332,36.4144],[-86.728,36.4139],[-86.7198,36.4183],[-86.7183,36.4139],[-86.7113,36.4141],[-86.7075,36.4106],[-86.6933,36.4072],[-86.6916,36.411],[-86.6951,36.4213],[-86.6927,36.4264],[-86.6809,36.4385],[-86.6752,36.45],[-86.6665,36.4581],[-86.6519,36.4701],[-86.6463,36.4801],[-86.6452,36.4871],[-86.6408,36.4971],[-86.642,36.5055],[-86.6414,36.5129],[-86.635,36.534],[-86.6326,36.5383],[-86.6124,36.5636],[-86.6043,36.571],[-86.5936,36.5887],[-86.5723,36.6194],[-86.5639,36.6336],[-86.5899,36.6524],[-86.6925,36.6498],[-86.7342,36.6489],[-86.7633,36.649],[-86.8519,36.647],[-86.9011,36.6465],[-86.9259,36.6456],[-86.9817,36.6444],[-87,36.6443],[-87.0705,36.6427],[-87.115,36.6424],[-87.1174,36.6281],[-87.1259,36.629],[-87.1268,36.6214],[-87.121,36.6136],[-87.1298,36.5723],[-87.1368,36.5631],[-87.148,36.5685],[-87.15,36.564],[-87.142,36.5636],[-87.1374,36.5586],[-87.1413,36.5549],[-87.1314,36.5481],[-87.1265,36.5473],[-87.1177,36.5496],[-87.1219,36.5425],[-87.1162,36.5392],[-87.1186,36.5237],[-87.1132,36.5231],[-87.1176,36.5105],[-87.1207,36.5109],[-87.124,36.4886],[-87.1287,36.462],[-87.1196,36.4611],[-87.1204,36.4555]]]},"properties":{"NAME":"Robertson","NAMELSAD":"Robertson County","GEOID":"47147"}},
{"type":"Feature","geometry":{"type":"Polygon","coordinates":[[[-86.5943,36.2451],[-86.5756,36.1945],[-86.5709,36.1737],[-86.5649,36.1637],[-86.5558,36.1454],[-86.5569,36.135],[-86.5427,36.1406],[-86.5284,36.138],[-86.5311,36.1287],[-86.5292,36.1244],[-86.5312,36.1121],[-86.5359,36.1082],[-86.5234,36.1066],[-86.5156,36.1006],[-86.472,36.0721],[-86.452,36.0627],[-86.4181,36.042],[-86.3951,36.031],[-86.3941,36.0365],[-86.3825,36.0353],[-86.3839,36.0267],[-86.3884,36.0272],[-86.377,36.012],[-86.3723,36.0188],[-86.3675,36.0179],[-86.3649,36.0106],[-86.3463,36.0001],[-86.3263,35.985],[-86.3241,35.9872],[-86.31,35.9862],[-86.3104,35.9786],[-86.2871,35.975],[-86.2876,35.9727],[-86.2506,35.9677],[-86.2517,35.9611],[-86.2378,35.9594],[-86.237,35.9633],[-86.2251,35.9629],[-86.223,35.9693],[-86.2099,35.967],[-86.2103,35.963],[-86.2024,35.9634],[-86.1859,35.9622],[-86.1865,35.9579],[-86.1705,35.9573],[-86.1611,35.9632],[-86.1613,35.9568],[-86.1532,35.9544],[-86.1499,35.9623],[-86.1195,35.9592],[-86.0957,35.9609],[-86.0884,35.967],[-86.0834,35.965],[-86.0227,35.9647],[-86.0149,35.9611],[-86.0265,35.9926],[-86.0265,35.9986],[-86.0408,36.0088],[-86.0352,36.0163],[-86.0345,36.0262],[-86.0358,36.0314],[-86.0427,36.0326],[-86.0465,36.0365],[-86.046,36.042],[-86.0534,36.0438],[-86.0527,36.0492],[-86.0482,36.05],[-86.0474,36.0575],[-86.0565,36.0593],[-86.0567,36.0661],[-86.0547,36.0722],[-86.0614,36.074],[-86.0597,36.086],[-86.0671,36.1114],[-86.0661,36.1242],[-86.0772,36.1351],[-86.0993,36.196],[-86.0912,36.198],[-86.0942,36.2057],[-86.1028,36.2052],[-86.1113,36.2286],[-86.1214,36.2314],[-86.1205,36.2368],[-86.1145,36.2377],[-86.123,36.261],[-86.1156,36.2689],[-86.1261,36.2697],[-86.1357,36.2946],[-86.1368,36.2959],[-86.1447,36.3045],[-86.164,36.3209],[-86.1759,36.3288],[-86.1808,36.3216],[-86.1893,36.3201],[-86.2041,36.3323],[-86.2066,36.3427],[-86.212,36.3447],[-86.2179,36.3416],[-86.227,36.3427],[-86.2263,36.349],[-86.2299,36.3494],[-86.2445,36.3364],[-86.2483,36.3274],[-86.2474,36.3115],[-86.2526,36.3028],[-86.2632,36.2994],[-86.2727,36.3073],[-86.2726,36.3154],[-86.2646,36.3283],[-86.2658,36.3374],[-86.2691,36.3449],[-86.2728,36.3476],[-86.2833,36.3475],[-86.2873,36.3462],[-86.2945,36.339],[-86.2964,36.3346],[-86.2966,36.3241],[-86.2985,36.3136],[-86.3071,36.3129],[-86.3305,36.3188],[-86.3364,36.3179],[-86.3548,36.3097],[-86.362,36.3115],[-86.3613,36.3154],[-86.3563,36.3223],[-86.3461,36.3299],[-86.3465,36.3451],[-86.3509,36.3523],[-86.3613,36.3577],[-86.3704,36.3561],[-86.3769,36.3509],[-86.3862,36.3376],[-86.3897,36.3278],[-86.3891,36.3175],[-86.3904,36.3102],[-86.3956,36.3067],[-86.4011,36.3059],[-86.4078,36.3077],[-86.4154,36.3137],[-86.4186,36.3221],[-86.4184,36.3328],[-86.428,36.3385],[-86.4337,36.34],[-86.4517,36.3356],[-86.4905,36.3126],[-86.5012,36.3084],[-86.5113,36.3014],[-86.5134,36.2983],[-86.517,36.2852],[-86.5216,36.2781],[-86.5263,36.2785],[-86.5336,36.284],[-86.5378,36.2907],[-86.5403,36.3011],[-86.5399,36.3082],[-86.5434,36.3206],[-86.5528,36.3191],[-86.5599,36.3125],[-86.5645,36.304],[-86.5631,36.2957],[-86.5598,36.2875],[-86.5711,36.2626],[-86.5944,36.2459],[-86.5943,36.2451]]]},"properties":{"NAME":"Wilson","NAMELSAD":"Wilson County","GEOID":"47189"}},
{"type":"Feature","geometry":{"type":"Polygon","coordinates":[[[-83.6674,36.3444],[-83.6709,36.3355],[-83.6748,36.3375],[-83.6821,36.3309],[-83.6756,36.3263],[-83.6891,36.296],[-83.683,36.2973],[-83.6822,36.292],[-83.6865,36.2899],[-83.6895,36.2791],[-83.7027,36.2732],[-83.7045,36.2502],[-83.6955,36.2544],[-83.6935,36.2375],[-83.7002,36.2076],[-83.703,36.205],[-83.7169,36.1998],[-83.7194,36.1955],[-83.7158,36.192],[-83.7211,36.1885],[-83.7283,36.1874],[-83.7284,36.1821],[-83.7219,36.1767],[-83.7149,36.1735],[-83.7327,36.1646],[-83.7307,36.1585],[-83.7229,36.1519],[-83.7251,36.1424],[-83.7169,36.1322],[-83.7126,36.1288],[-83.7064,36.1282],[-83.704,36.1207],[-83.7,36.1229],[-83.6943,36.1209],[-83.6946,36.1113],[-83.6872,36.1118],[-83.6872,36.1023],[-83.6812,36.1018],[-83.6757,36.0981],[-83.667,36.0862],[-83.6675,36.0806],[-83.6594,36.0855],[-83.6601,36.0913],[-83.6676,36.099],[-83.6756,36.1209],[-83.6726,36.126],[-83.6668,36.1267],[-83.6664,36.1218],[-83.66,36.1217],[-83.6595,36.1262],[-83.6515,36.1252],[-83.6521,36.1223],[-83.6479,36.1139],[-83.6546,36.1057],[-83.6516,36.1],[-83.6413,36.0971],[-83.6321,36.0998],[-83.6289,36.1045],[-83.6277,36.123],[-83.6389,36.1286],[-83.6397,36.1325],[-83.6379,36.1432],[-83.6328,36.1445],[-83.6294,36.139],[-83.6176,36.143],[-83.6147,36.1356],[-83.6107,36.1306],[-83.5996,36.1429],[-83.6018,36.1509],[-83.5978,36.1642],[-83.5909,36.1665],[-83.5886,36.1632],[-83.5887,36.1549],[-83.5809,36.1555],[-83.583,36.1662],[-83.578,36.1683],[-83.569,36.1656],[-83.5644,36.1665],[-83.5619,36.1735],[-83.5666,36.1828],[-83.5673,36.1901],[-83.563,36.192],[-83.5595,36.188],[-83.5591,36.1805],[-83.5493,36.1796],[-83.5411,36.182],[-83.536,36.1793],[-83.5358,36.1707],[-83.5334,36.1656],[-83.5287,36.1625],[-83.5242,36.1651],[-83.5217,36.1747],[-83.5155,36.1781],[-83.5056,36.1691],[-83.4929,36.1661],[-83.4835,36.1671],[-83.4671,36.1747],[-83.4657,36.1785],[-83.4687,36.1854],[-83.4659,36.1889],[-83.4603,36.1881],[-83.4491,36.1903],[-83.4473,36.1963],[-83.4512,36.2032],[-83.4495,36.218],[-83.4439,36.2222],[-83.4391,36.2211],[-83.4388,36.2123],[-83.4342,36.2099],[-83.4266,36.2115],[-83.4161,36.2194],[-83.4217,36.2317],[-83.4199,36.2363],[-83.4095,36.2488],[-83.3971,36.2532],[-83.3877,36.2646],[-83.3842,36.2657],[-83.3656,36.2658],[-83.3622,36.2677],[-83.3644,36.276],[-83.363,36.279],[-83.3552,36.2826],[-83.341,36.2795],[-83.3335,36.2841],[-83.3328,36.2908],[-83.3271,36.2967],[-83.3195,36.2923],[-83.318,36.2878],[-83.32,36.2837],[-83.3175,36.2788],[-83.3123,36.2765],[-83.3104,36.2703],[-83.3051,36.2682],[-83.299,36.2761],[-83.2945,36.2781],[-83.2907,36.272],[-83.2922,36.2667],[-83.2902,36.2627],[-83.2816,36.2622],[-83.2783,36.2645],[-83.279,36.2731],[-83.2655,36.277],[-83.2672,36.2853],[-83.2633,36.2885],[-83.2553,36.2891],[-83.2638,36.3054],[-83.2737,36.3191],[-83.2737,36.3227],[-83.2656,36.3278],[-83.2645,36.3453],[-83.2733,36.3702],[-83.2831,36.3715],[-83.2889,36.3788],[-83.2825,36.3824],[-83.2739,36.3847],[-83.2806,36.3947],[-83.293,36.3925],[-83.3047,36.3884],[-83.3075,36.3928],[-83.3086,36.3996],[-83.3153,36.3988],[-83.3185,36.4053],[-83.3252,36.4079],[-83.341,36.4084],[-83.3521,36.4198],[-83.3894,36.4082],[-83.3868,36.4132],[-83.3935,36.4152],[-83.4042,36.4158],[-83.4131,36.4206],[-83.4172,36.4174],[-83.4171,36.4114],[-83.4259,36.418],[-83.4297,36.4172],[-83.4281,36.4095],[-83.4302,36.4076],[-83.4391,36.4129],[-83.4416,36.4108],[-83.4414,36.4021],[-83.4483,36.3969],[-83.4523,36.3974],[-83.4495,36.3877],[-83.4537,36.386],[-83.4492,36.3743],[-83.466,36.3692],[-83.4826,36.3796],[-83.4873,36.3773],[-83.4942,36.3794],[-83.4981,36.3751],[-83.4945,36.3689],[-83.4963,36.3622],[-83.5014,36.3631],[-83.5065,36.3725],[-83.5118,36.3709],[-83.5185,36.3628],[-83.5178,36.3574],[-83.5252,36.3594],[-83.5267,36.3636],[-83.5325,36.3651],[-83.5316,36.3563],[-83.5372,36.3527],[-83.5446,36.3582],[-83.5509,36.3683],[-83.5526,36.3623],[-83.5584,36.3635],[-83.5619,36.3719],[-83.5684,36.37],[-83.569,36.365],[-83.5785,36.3639],[-83.5851,36.3684],[-83.5942,36.3675],[-83.5973,36.3572],[-83.6081,36.3542],[-83.6148,36.3456],[-83.6262,36.3428],[-83.6325,36.3384],[-83.6403,36.3361],[-83.6471,36.3397],[-83.6529,36.3379],[-83.6545,36.3333],[-83.6626,36.334],[-83.6625,36.3396],[-83.6674,36.3444]]]},"properties":{"NAME":"Grainger","NAMELSAD":"Grainger County","GEOID":"47057"}},
{"type":"Feature","geometry":{"type":"Polygon","coordinates":[[[-84.9463,35.2877],[-84.9423,35.2822],[-84.9513,35.2791],[-84.9538,35.2713],[-84.9646,35.2632],[-84.9664,35.26],[-84.9621,35.2529],[-84.9698,35.2451],[-84.9762,35.234],[-84.9809,35.2198],[-84.9878,35.2121],[-84.9947,35.2018],[-84.9989,35.2031],[-85.0032,35.1961],[-85.0087,35.1837],[-85.0094,35.1755],[-85.0054,35.1741],[-85.0096,35.1579],[-85.0166,35.1512],[-85.024,35.1488],[-85.0266,35.1362],[-85.0262,35.1274],[-85.0236,35.1251],[-85.0103,35.1008],[-85.0075,35.0878],[-85.0099,35.0838],[-85.0067,35.0794],[-84.9952,35.0752],[-85.0023,35.0619],[-84.9945,35.0589],[-85.0015,35.0457],[-84.9939,35.0349],[-84.9612,35.0152],[-84.977,34.9877],[-84.9528,34.9879],[-84.8519,34.9878],[-84.8205,34.988],[-84.8092,34.9876],[-84.7759,34.9879],[-84.7724,35.0001],[-84.7596,35.0254],[-84.7486,35.0588],[-84.7353,35.0814],[-84.7474,35.086],[-84.7244,35.1267],[-84.6999,35.171],[-84.7033,35.1848],[-84.6998,35.1924],[-84.6979,35.2005],[-84.7021,35.2191],[-84.697,35.2284],[-84.7131,35.2291],[-84.7158,35.2337],[-84.713,35.2363],[-84.7052,35.2381],[-84.7036,35.241],[-84.7099,35.2434],[-84.7113,35.25],[-84.7013,35.249],[-84.6975,35.2527],[-84.7035,35.2588],[-84.7105,35.262],[-84.7161,35.2618],[-84.7304,35.2547],[-84.7404,35.2565],[-84.7474,35.2694],[-84.7516,35.2712],[-84.7499,35.2759],[-84.7419,35.2769],[-84.7332,35.2749],[-84.7236,35.2787],[-84.7229,35.2844],[-84.7253,35.2895],[-84.7307,35.2914],[-84.7499,35.2874],[-84.7581,35.2921],[-84.761,35.2963],[-84.7691,35.3029],[-84.7777,35.3074],[-84.7826,35.3135],[-84.7903,35.3142],[-84.8029,35.3181],[-84.8038,35.3253],[-84.8105,35.3279],[-84.8174,35.3247],[-84.8249,35.3257],[-84.8324,35.3319],[-84.8379,35.34],[-84.8489,35.3458],[-84.8602,35.3501],[-84.8708,35.356],[-84.8776,35.3579],[-84.8804,35.3513],[-84.8733,35.349],[-84.8841,35.3292],[-84.9259,35.2907],[-84.9315,35.2948],[-84.9402,35.2977],[-84.9463,35.2877]]]},"properties":{"NAME":"Bradley","NAMELSAD":"Bradley County","GEOID":"47011"}},
{"type":"Feature","geometry":{"type":"Polygon","coordinates":[[[-90.075,35.3842],[-90.0838,35.3688],[-90.0905,35.3609],[-90.0935,35.3605],[-90.1073,35.3431],[-90.1103,35.3428],[-90.1039,35.3324],[-90.1068,35.3246],[-90.1091,35.305],[-90.1172,35.3034],[-90.1219,35.3045],[-90.1353,35.2996],[-90.1416,35.2996],[-90.1495,35.3033],[-90.1589,35.3006],[-90.1638,35.2961],[-90.1691,35.2846],[-90.1688,35.2791],[-90.1589,35.2626],[-90.1521,35.256],[-90.1404,35.2523],[-90.1165,35.2558],[-90.1051,35.2543],[-90.0995,35.2514],[-90.0909,35.2422],[-90.0863,35.2357],[-90.0794,35.2288],[-90.0748,35.2202],[-90.0744,35.2106],[-90.0801,35.2077],[-90.0886,35.2124],[-90.0974,35.1948],[-90.1091,35.1991],[-90.1165,35.1976],[-90.1174,35.1879],[-90.1142,35.1817],[-90.1095,35.1789],[-90.1042,35.169],[-90.092,35.1564],[-90.0843,35.1559],[-90.0686,35.1532],[-90.0665,35.1511],[-90.0646,35.1406],[-90.0666,35.136],[-90.0834,35.1217],[-90.0906,35.1183],[-90.1006,35.1167],[-90.1094,35.1189],[-90.139,35.134],[-90.1447,35.135],[-90.156,35.131],[-90.1653,35.1252],[-90.1736,35.1181],[-90.1768,35.1121],[-90.1814,35.0914],[-90.1959,35.0602],[-90.1971,35.0534],[-90.1958,35.0378],[-90.2002,35.0327],[-90.2094,35.0266],[-90.2163,35.0261],[-90.2248,35.03],[-90.2385,35.0326],[-90.2503,35.0335],[-90.2624,35.0364],[-90.2653,35.0403],[-90.292,35.0418],[-90.2973,35.0379],[-90.3007,35.0288],[-90.3069,35.0182],[-90.3099,35.0098],[-90.3093,34.9957],[-90.2377,34.9955],[-90.1276,34.9947],[-90.0754,34.9949],[-90.0251,34.9949],[-89.9899,34.9951],[-89.919,34.9948],[-89.8784,34.9943],[-89.7243,34.9948],[-89.7185,34.9953],[-89.6888,34.9951],[-89.6441,34.9953],[-89.6428,35.0449],[-89.6409,35.0817],[-89.6371,35.1979],[-89.6384,35.2162],[-89.6377,35.2568],[-89.6384,35.2589],[-89.6378,35.2771],[-89.6328,35.3758],[-89.6452,35.3753],[-89.6428,35.388],[-89.7029,35.3891],[-89.7025,35.4086],[-89.7093,35.4095],[-89.7102,35.4044],[-89.7207,35.4066],[-89.7328,35.4057],[-89.7367,35.4014],[-89.7767,35.4052],[-89.7788,35.3878],[-89.8004,35.3913],[-89.8117,35.3903],[-89.8295,35.3922],[-89.8585,35.3906],[-89.884,35.3912],[-89.9271,35.3935],[-89.9725,35.3936],[-90.0001,35.3951],[-90.0416,35.3966],[-90.0446,35.3931],[-90.0543,35.3893],[-90.0618,35.3862],[-90.075,35.3842]]]},"properties":{"NAME":"Shelby","NAMELSAD":"Shelby County","GEOID":"47157"}},
{"type":"Feature","geometry":{"type":"Polygon","coordinates":[[[-84.7239,35.7529],[-84.723,35.7501],[-84.7134,35.7361],[-84.7119,35.725],[-84.72,35.7151],[-84.7231,35.7069],[-84.7204,35.6949],[-84.7232,35.6897],[-84.7406,35.6795],[-84.7472,35.6782],[-84.7516,35.6805],[-84.7494,35.6932],[-84.7536,35.6989],[-84.7619,35.7018],[-84.7663,35.7001],[-84.7696,35.6894],[-84.7784,35.6829],[-84.7818,35.6739],[-84.7783,35.6446],[-84.7844,35.6374],[-84.7863,35.6328],[-84.7857,35.6263],[-84.7778,35.6132],[-84.7764,35.6082],[-84.7772,35.6008],[-84.7824,35.5948],[-84.7887,35.5916],[-84.8018,35.5877],[-84.8099,35.5825],[-84.8116,35.5756],[-84.8081,35.5688],[-84.8005,35.5646],[-84.7952,35.5597],[-84.7949,35.5526],[-84.8042,35.5464],[-84.8155,35.5454],[-84.8559,35.5541],[-84.8648,35.5545],[-84.874,35.5502],[-84.8804,35.5392],[-84.8804,35.5311],[-84.8774,35.5251],[-84.8627,35.5153],[-84.8572,35.5056],[-84.86,35.4971],[-84.8656,35.492],[-84.8744,35.488],[-84.8875,35.4857],[-84.8954,35.483],[-84.9018,35.478],[-84.9045,35.4721],[-84.9037,35.4555],[-84.9071,35.4479],[-84.9151,35.4408],[-84.9207,35.4381],[-84.9296,35.4371],[-84.9459,35.4397],[-84.9568,35.4461],[-84.9627,35.4527],[-84.969,35.4667],[-84.973,35.4694],[-84.9801,35.4701],[-84.9846,35.4661],[-84.9844,35.4557],[-84.9792,35.4439],[-84.9801,35.4393],[-84.994,35.4262],[-85.006,35.4159],[-85.0163,35.4093],[-85.0247,35.4029],[-85.0281,35.397],[-85.0313,35.3795],[-85.0152,35.3719],[-85.0084,35.3833],[-85.0005,35.3804],[-84.9928,35.3688],[-84.9799,35.3628],[-84.9753,35.3579],[-84.9763,35.3473],[-84.9712,35.3396],[-84.9717,35.3305],[-84.9666,35.3212],[-84.9641,35.3103],[-84.9574,35.2998],[-84.9482,35.2913],[-84.9463,35.2877],[-84.9402,35.2977],[-84.9315,35.2948],[-84.9259,35.2907],[-84.8841,35.3292],[-84.8733,35.349],[-84.8804,35.3513],[-84.8776,35.3579],[-84.8708,35.356],[-84.8602,35.3501],[-84.8566,35.3557],[-84.8501,35.3735],[-84.8343,35.4008],[-84.8288,35.4057],[-84.8241,35.4052],[-84.8208,35.413],[-84.8171,35.417],[-84.8231,35.4198],[-84.821,35.4256],[-84.8145,35.437],[-84.805,35.4364],[-84.8007,35.4423],[-84.8051,35.4438],[-84.8055,35.4486],[-84.7982,35.4572],[-84.7924,35.4577],[-84.7877,35.4648],[-84.7775,35.4657],[-84.7717,35.4723],[-84.7713,35.4807],[-84.7683,35.4847],[-84.7604,35.4862],[-84.7554,35.4963],[-84.7497,35.5005],[-84.7499,35.5066],[-84.7472,35.5108],[-84.7425,35.5111],[-84.732,35.5207],[-84.7246,35.5216],[-84.7112,35.538],[-84.7068,35.5414],[-84.7026,35.5517],[-84.6908,35.5637],[-84.6878,35.5793],[-84.6816,35.5794],[-84.6665,35.5893],[-84.6657,35.5953],[-84.6594,35.597],[-84.6581,35.6027],[-84.6476,35.616],[-84.6419,35.6262],[-84.6343,35.6297],[-84.6295,35.6403],[-84.6199,35.6447],[-84.6199,35.6589],[-84.6259,35.6589],[-84.628,35.6623],[-84.6281,35.6901],[-84.6192,35.6948],[-84.6233,35.6999],[-84.619,35.7034],[-84.619,35.7079],[-84.623,35.7118],[-84.6365,35.7205],[-84.6363,35.7243],[-84.6451,35.7244],[-84.6453,35.7171],[-84.6544,35.7173],[-84.6544,35.71],[-84.6632,35.7102],[-84.6636,35.7029],[-84.6722,35.7029],[-84.672,35.7104],[-84.6765,35.7105],[-84.6765,35.7175],[-84.6987,35.7179],[-84.6953,35.7249],[-84.6951,35.7327],[-84.6984,35.7327],[-84.6984,35.7418],[-84.714,35.742],[-84.721,35.752],[-84.7239,35.7529]]]},"properties":{"NAME":"Meigs","NAMELSAD":"Meigs County","GEOID":"47121"}},
{"type":"Feature","geometry":{"type":"Polygon","coordinates":[[[-86.8283,35.2637],[-86.8284,35.2501],[-86.8332,35.0996],[-86.8363,34.9919],[-86.7031,34.9921],[-86.6709,34.9917],[-86.5714,34.991],[-86.4679,34.9905],[-86.4304,34.9908],[-86.3972,34.9916],[-86.3743,34.9917],[-86.3188,34.9912],[-86.3203,35.0328],[-86.3178,35.0636],[-86.3182,35.127],[-86.3264,35.1229],[-86.332,35.1234],[-86.3372,35.1289],[-86.3448,35.1295],[-86.3488,35.1359],[-86.3491,35.1455],[-86.3545,35.1442],[-86.3564,35.1406],[-86.3552,35.1309],[-86.3601,35.1231],[-86.3662,35.1244],[-86.3691,35.1287],[-86.3701,35.136],[-86.3679,35.1409],[-86.3706,35.1443],[-86.3695,35.1589],[-86.3713,35.1697],[-86.3685,35.1716],[-86.3704,35.1791],[-86.3744,35.1828],[-86.3738,35.1882],[-86.3796,35.1972],[-86.3789,35.2046],[-86.3922,35.2284],[-86.3922,35.2354],[-86.4086,35.238],[-86.4109,35.2346],[-86.4087,35.2282],[-86.4142,35.2281],[-86.4188,35.2352],[-86.4238,35.2373],[-86.4198,35.2437],[-86.4205,35.2539],[-86.4121,35.2543],[-86.411,35.2595],[-86.4156,35.2607],[-86.4261,35.2595],[-86.426,35.2656],[-86.4344,35.2642],[-86.438,35.2673],[-86.4355,35.2707],[-86.4371,35.2752],[-86.4456,35.2752],[-86.4446,35.2798],[-86.4525,35.2844],[-86.4611,35.2846],[-86.4613,35.2928],[-86.5153,35.3106],[-86.5273,35.3115],[-86.531,35.3179],[-86.5297,35.3213],[-86.5395,35.3354],[-86.5253,35.3547],[-86.5345,35.3527],[-86.5437,35.3632],[-86.5527,35.36],[-86.5624,35.3658],[-86.5829,35.371],[-86.5952,35.3645],[-86.5995,35.365],[-86.6032,35.3455],[-86.606,35.3426],[-86.6023,35.3338],[-86.6026,35.327],[-86.6374,35.321],[-86.65,35.3098],[-86.655,35.315],[-86.6679,35.3104],[-86.6798,35.3093],[-86.6799,35.3043],[-86.698,35.2953],[-86.7239,35.2764],[-86.7469,35.2529],[-86.8283,35.2637]]]},"properties":{"NAME":"Lincoln","NAMELSAD":"Lincoln County","GEOID":"47103"}},
{"type":"Feature","geometry":{"type":"Polygon","coordinates":[[[-86.9132,36.3826],[-86.916,36.3709],[-86.9113,36.3722],[-86.9063,36.3665],[-86.91,36.3633],[-86.911,36.3571],[-86.9233,36.3253],[-86.9478,36.2824],[-86.9577,36.2758],[-86.9744,36.2499],[-86.984,36.2254],[-86.9804,36.2173],[-86.9836,36.2096],[-86.9923,36.1628],[-86.9977,36.1285],[-87.0382,36.0944],[-87.0386,36.0821],[-87.041,36.0423],[-87.0445,36.0469],[-87.0537,36.0456],[-87.0394,35.9892],[-87.0283,35.9899],[-86.9289,36.0529],[-86.865,36.0447],[-86.8013,36.0376],[-86.7909,36.0367],[-86.7771,36.0332],[-86.7321,36.0099],[-86.7129,36.0081],[-86.6932,35.996],[-86.6877,35.9953],[-86.6819,35.9894],[-86.6483,35.9764],[-86.6274,35.974],[-86.6186,35.9713],[-86.6189,35.9682],[-86.6144,35.9678],[-86.6137,35.9756],[-86.6104,35.9755],[-86.6072,35.9855],[-86.6096,35.9909],[-86.6156,35.9916],[-86.6123,36.01],[-86.6007,36.0119],[-86.592,36.0235],[-86.5786,36.0266],[-86.569,36.0343],[-86.5624,36.0353],[-86.5607,36.0399],[-86.5664,36.0488],[-86.5621,36.0542],[-86.5639,36.0619],[-86.5617,36.0674],[-86.5574,36.0657],[-86.5465,36.0665],[-86.5461,36.0775],[-86.549,36.0859],[-86.5451,36.0866],[-86.5407,36.0776],[-86.5295,36.0775],[-86.5275,36.074],[-86.5329,36.06],[-86.5244,36.059],[-86.525,36.0689],[-86.5209,36.0725],[-86.5176,36.0841],[-86.5156,36.1006],[-86.5234,36.1066],[-86.5359,36.1082],[-86.5312,36.1121],[-86.5292,36.1244],[-86.5311,36.1287],[-86.5284,36.138],[-86.5427,36.1406],[-86.5569,36.135],[-86.5558,36.1454],[-86.5649,36.1637],[-86.5709,36.1737],[-86.5756,36.1945],[-86.5943,36.2451],[-86.61,36.2442],[-86.6151,36.2451],[-86.6228,36.2493],[-86.6391,36.2551],[-86.6426,36.2712],[-86.642,36.2883],[-86.6558,36.2968],[-86.6687,36.3006],[-86.6665,36.3035],[-86.6722,36.3089],[-86.6748,36.3158],[-86.6803,36.3159],[-86.6884,36.3199],[-86.6963,36.3214],[-86.6969,36.3267],[-86.7033,36.3273],[-86.7072,36.333],[-86.7131,36.335],[-86.7211,36.3421],[-86.7236,36.3485],[-86.7275,36.3723],[-86.7334,36.3858],[-86.7401,36.3905],[-86.7417,36.3973],[-86.7457,36.4031],[-86.7548,36.4055],[-86.7581,36.3999],[-86.7642,36.3997],[-86.7643,36.3943],[-86.7724,36.3932],[-86.7819,36.3896],[-86.7806,36.3867],[-86.7847,36.3794],[-86.791,36.3768],[-86.792,36.3693],[-86.7869,36.3658],[-86.7872,36.36],[-86.795,36.3599],[-86.8157,36.3528],[-86.8241,36.3513],[-86.8307,36.356],[-86.8386,36.3594],[-86.8445,36.3652],[-86.8543,36.3698],[-86.8529,36.3801],[-86.8628,36.3812],[-86.8622,36.3696],[-86.8702,36.3742],[-86.8788,36.3747],[-86.8786,36.3786],[-86.8834,36.3803],[-86.8893,36.3867],[-86.8943,36.3891],[-86.9096,36.3899],[-86.9132,36.3826]]]},"properties":{"NAME":"Davidson","NAMELSAD":"Davidson County","GEOID":"47037"}},
{"type":"Feature","geometry":{"type":"Polygon","coordinates":[[[-84.9161,35.7619],[-84.9205,35.7619],[-84.9285,35.7686],[-85.0288,35.7463],[-85.0326,35.747],[-85.0343,35.7527],[-85.0326,35.7593],[-85.0411,35.7718],[-85.0487,35.7675],[-85.0611,35.7676],[-85.0738,35.7605],[-85.085,35.7606],[-85.1034,35.7699],[-85.1481,35.7688],[-85.2541,35.7656],[-85.2596,35.76],[-85.2658,35.7605],[-85.2644,35.755],[-85.2651,35.7472],[-85.269,35.7434],[-85.265,35.7408],[-85.2705,35.7323],[-85.2708,35.7286],[-85.2663,35.7258],[-85.2654,35.7212],[-85.2913,35.6926],[-85.3003,35.6832],[-85.3607,35.6251],[-85.4238,35.5674],[-85.4272,35.5624],[-85.4285,35.5557],[-85.4318,35.5517],[-85.432,35.5458],[-85.4362,35.5414],[-85.4309,35.5292],[-85.4197,35.5268],[-85.4163,35.5201],[-85.407,35.5177],[-85.4109,35.5119],[-85.409,35.5049],[-85.4033,35.4923],[-85.366,35.4605],[-85.3143,35.4172],[-85.2556,35.3751],[-85.2259,35.3543],[-85.196,35.4035],[-85.1841,35.4282],[-85.1683,35.4556],[-85.1631,35.4489],[-85.1488,35.4456],[-85.1352,35.4587],[-85.116,35.4757],[-85.1265,35.482],[-85.1312,35.4819],[-85.1344,35.4915],[-85.1404,35.488],[-85.1438,35.4927],[-85.1412,35.5001],[-85.1326,35.5141],[-85.1193,35.529],[-85.1139,35.5248],[-85.0991,35.5337],[-85.1021,35.5441],[-85.1056,35.5488],[-85.1098,35.5416],[-85.1078,35.5714],[-85.0476,35.6187],[-85.0423,35.6251],[-84.9955,35.6758],[-84.9816,35.6748],[-84.9812,35.6795],[-84.9899,35.6818],[-84.9286,35.7482],[-84.9161,35.7619]]]},"properties":{"NAME":"Bledsoe","NAMELSAD":"Bledsoe County","GEOID":"47007"}},
{"type":"Feature","geometry":{"type":"Polygon","coordinates":[[[-88.8273,36.5026],[-88.8271,36.4958],[-88.8225,36.4881],[-88.8201,36.4787],[-88.8167,36.4773],[-88.814,36.4708],[-88.8154,36.4225],[-88.8164,36.4107],[-88.8216,36.4128],[-88.8465,36.4132],[-88.8543,36.4086],[-88.8626,36.4062],[-88.8667,36.4015],[-88.8703,36.402],[-88.8865,36.3929],[-88.8913,36.3948],[-88.8971,36.3935],[-88.9083,36.3993],[-88.9144,36.4066],[-88.9258,36.4077],[-88.9325,36.4107],[-88.9399,36.4113],[-88.9422,36.4081],[-88.9502,36.4093],[-88.957,36.2696],[-88.9598,36.2228],[-88.9547,36.2205],[-88.951,36.2113],[-88.9439,36.2059],[-88.9319,36.1936],[-88.9201,36.19],[-88.9134,36.1864],[-88.9024,36.1782],[-88.8963,36.1781],[-88.8861,36.1678],[-88.8836,36.1629],[-88.8779,36.1594],[-88.8774,36.1543],[-88.8713,36.1496],[-88.8635,36.1377],[-88.8482,36.1355],[-88.8479,36.1306],[-88.8421,36.1278],[-88.8355,36.1215],[-88.8257,36.1204],[-88.813,36.1166],[-88.8034,36.1169],[-88.7993,36.1139],[-88.787,36.112],[-88.7821,36.1126],[-88.7757,36.1103],[-88.7669,36.1124],[-88.7555,36.1073],[-88.7532,36.102],[-88.7478,36.0979],[-88.7469,36.0926],[-88.7364,36.0856],[-88.7303,36.0798],[-88.7248,36.0817],[-88.7142,36.0764],[-88.7129,36.0731],[-88.7066,36.0689],[-88.6927,36.0628],[-88.6785,36.0666],[-88.6724,36.0628],[-88.6633,36.0646],[-88.6538,36.0643],[-88.6555,36.1173],[-88.6149,36.1165],[-88.5322,36.1154],[-88.5303,36.152],[-88.5259,36.2394],[-88.5257,36.2501],[-88.5233,36.3033],[-88.5213,36.3687],[-88.5206,36.3751],[-88.5189,36.4228],[-88.5171,36.4867],[-88.5164,36.5016],[-88.5449,36.5021],[-88.6343,36.502],[-88.6878,36.5026],[-88.8273,36.5026]]]},"properties":{"NAME":"Weakley","NAMELSAD":"Weakley County","GEOID":"47183"}},
{"type":"Feature","geometry":{"type":"Polygon","coordinates":[[[-86.6862,35.7101],[-86.6955,35.7109],[-86.6969,35.7054],[-86.7311,35.7068],[-86.7344,35.6989],[-86.7468,35.7032],[-86.7607,35.7018],[-86.7601,35.7082],[-86.7679,35.7087],[-86.7674,35.7024],[-86.7823,35.7034],[-86.782,35.7066],[-86.7933,35.7029],[-86.7969,35.6915],[-86.8028,35.692],[-86.8032,35.6994],[-86.8119,35.6964],[-86.8248,35.6009],[-86.8284,35.5963],[-86.8399,35.5915],[-86.8408,35.5833],[-86.8274,35.5821],[-86.8299,35.5741],[-86.8364,35.5755],[-86.8344,35.5668],[-86.8405,35.5673],[-86.8417,35.5597],[-86.8382,35.5594],[-86.8381,35.5508],[-86.8496,35.5255],[-86.8713,35.5025],[-86.8728,35.5035],[-86.8706,35.5208],[-86.8756,35.5213],[-86.8771,35.5097],[-86.8806,35.4986],[-86.8806,35.494],[-86.8956,35.4812],[-86.9245,35.4637],[-86.9195,35.4579],[-86.9222,35.4549],[-86.9326,35.4554],[-86.9364,35.4591],[-86.955,35.4515],[-86.9563,35.4392],[-86.9608,35.417],[-86.9571,35.4194],[-86.9433,35.4136],[-86.9349,35.4083],[-86.9312,35.4121],[-86.9228,35.4068],[-86.9257,35.4025],[-86.9269,35.3886],[-86.9266,35.3771],[-86.924,35.3719],[-86.9246,35.3631],[-86.9178,35.364],[-86.9201,35.3522],[-86.9083,35.3501],[-86.912,35.3402],[-86.9023,35.3375],[-86.9032,35.3248],[-86.909,35.325],[-86.912,35.3214],[-86.9065,35.3141],[-86.9022,35.3163],[-86.888,35.3152],[-86.8864,35.3065],[-86.8641,35.3049],[-86.8557,35.3091],[-86.8552,35.3155],[-86.8463,35.321],[-86.8425,35.3192],[-86.8436,35.3093],[-86.8338,35.3029],[-86.8318,35.2945],[-86.8285,35.2934],[-86.8283,35.2637],[-86.7469,35.2529],[-86.7239,35.2764],[-86.698,35.2953],[-86.6799,35.3043],[-86.6798,35.3093],[-86.6679,35.3104],[-86.655,35.315],[-86.65,35.3098],[-86.6374,35.321],[-86.6026,35.327],[-86.6023,35.3338],[-86.606,35.3426],[-86.6032,35.3455],[-86.5995,35.365],[-86.6073,35.3672],[-86.6182,35.3668],[-86.6226,35.3757],[-86.6272,35.3805],[-86.6243,35.386],[-86.6333,35.3898],[-86.6558,35.4314],[-86.6583,35.4353],[-86.6579,35.456],[-86.6656,35.4562],[-86.6629,35.4746],[-86.6642,35.4918],[-86.6532,35.5741],[-86.6417,35.5736],[-86.6396,35.5767],[-86.6423,35.5825],[-86.6486,35.5823],[-86.6563,35.5781],[-86.6638,35.5819],[-86.661,35.5884],[-86.6522,35.5872],[-86.6492,35.5992],[-86.6461,35.6251],[-86.6393,35.6763],[-86.6394,35.6859],[-86.642,35.689],[-86.6512,35.6916],[-86.6616,35.6927],[-86.6614,35.6949],[-86.6743,35.697],[-86.6737,35.7033],[-86.6826,35.7041],[-86.6807,35.7096],[-86.6862,35.7101]]]},"properties":{"NAME":"Marshall","NAMELSAD":"Marshall County","GEOID":"47117"}},
{"type":"Feature","geometry":{"type":"Polygon","coordinates":[[[-81.9838,36.5083],[-81.9836,36.4997],[-81.9762,36.4952],[-81.9705,36.4882],[-81.9515,36.4739],[-81.9557,36.4677],[-81.966,36.463],[-81.9816,36.445],[-81.9823,36.442],[-81.9923,36.4364],[-81.9963,36.4259],[-82.0032,36.4248],[-82.0051,36.4191],[-82.0121,36.4113],[-82.0221,36.4038],[-82.0325,36.3894],[-82.0404,36.3821],[-82.0588,36.3673],[-82.053,36.3644],[-82.0441,36.3637],[-82.0392,36.3581],[-82.0443,36.3547],[-82.0368,36.3514],[-82.0264,36.3405],[-82.0271,36.3367],[-82.0204,36.3299],[-82.0166,36.333],[-82.0071,36.3314],[-82.0021,36.3334],[-81.9968,36.3297],[-81.9994,36.3255],[-81.9985,36.319],[-81.9888,36.3147],[-81.9908,36.308],[-81.983,36.304],[-81.9829,36.2964],[-81.98,36.288],[-81.9724,36.2855],[-81.9697,36.2771],[-81.9574,36.274],[-81.9543,36.2713],[-81.9515,36.2618],[-81.9414,36.265],[-81.9331,36.2649],[-81.9082,36.302],[-81.8997,36.3067],[-81.8875,36.3092],[-81.8769,36.3156],[-81.8666,36.3264],[-81.8655,36.3292],[-81.8412,36.3434],[-81.8259,36.3489],[-81.8098,36.3522],[-81.7975,36.3585],[-81.7906,36.3538],[-81.7901,36.3489],[-81.779,36.3486],[-81.7745,36.3442],[-81.7647,36.3388],[-81.7577,36.3397],[-81.7545,36.337],[-81.7443,36.3379],[-81.7356,36.3428],[-81.728,36.3414],[-81.7186,36.3362],[-81.7075,36.3352],[-81.7053,36.3418],[-81.7085,36.3464],[-81.7178,36.348],[-81.7221,36.3521],[-81.7244,36.3577],[-81.7261,36.3688],[-81.7312,36.3742],[-81.731,36.3829],[-81.7289,36.3908],[-81.732,36.3949],[-81.7394,36.3956],[-81.741,36.4021],[-81.7416,36.4126],[-81.7297,36.4157],[-81.727,36.4199],[-81.7209,36.4225],[-81.7179,36.4299],[-81.7213,36.4339],[-81.7152,36.4367],[-81.7145,36.441],[-81.7178,36.445],[-81.7138,36.4472],[-81.7154,36.4576],[-81.7084,36.4621],[-81.699,36.4641],[-81.6951,36.4675],[-81.6946,36.4734],[-81.6978,36.4895],[-81.6972,36.4963],[-81.7003,36.4985],[-81.6971,36.506],[-81.7033,36.5215],[-81.7081,36.5241],[-81.7079,36.536],[-81.6998,36.5367],[-81.7,36.5397],[-81.6938,36.548],[-81.6896,36.5614],[-81.6901,36.5687],[-81.6801,36.5687],[-81.6773,36.5705],[-81.68,36.5858],[-81.6469,36.6119],[-81.7369,36.6124],[-81.8267,36.6142],[-81.8292,36.6093],[-81.8352,36.6093],[-81.8483,36.6033],[-81.8623,36.6057],[-81.8738,36.6001],[-81.8751,36.5883],[-81.8791,36.5843],[-81.8862,36.5812],[-81.9059,36.5788],[-81.9203,36.5724],[-81.928,36.5679],[-81.9314,36.5609],[-81.9317,36.5522],[-81.9379,36.549],[-81.9461,36.5423],[-81.9481,36.5383],[-81.9597,36.5344],[-81.9649,36.5315],[-81.967,36.5262],[-81.9725,36.5234],[-81.9735,36.5168],[-81.9838,36.5083]]]},"properties":{"NAME":"Johnson","NAMELSAD":"Johnson County","GEOID":"47091"}},
{"type":"Feature","geometry":{"type":"Polygon","coordinates":[[[-83.7943,35.8871],[-83.7842,35.8792],[-83.7844,35.8688],[-83.7794,35.8593],[-83.7777,35.8519],[-83.7736,35.8529],[-83.769,35.8475],[-83.7722,35.8457],[-83.7573,35.8175],[-83.7499,35.8087],[-83.7395,35.8068],[-83.7467,35.8016],[-83.7473,35.7984],[-83.7287,35.7624],[-83.73,35.7543],[-83.7189,35.7477],[-83.7165,35.729],[-83.7083,35.7272],[-83.7081,35.7207],[-83.7013,35.7193],[-83.7053,35.7116],[-83.6954,35.7075],[-83.6875,35.7101],[-83.6822,35.7098],[-83.68,35.7065],[-83.6825,35.7007],[-83.679,35.6879],[-83.6743,35.6855],[-83.6677,35.6866],[-83.6628,35.6906],[-83.6628,35.6251],[-83.6633,35.6169],[-83.663,35.5695],[-83.656,35.57],[-83.6446,35.5659],[-83.6349,35.5685],[-83.6295,35.5682],[-83.6214,35.5727],[-83.6187,35.5722],[-83.6085,35.58],[-83.6018,35.5789],[-83.5918,35.5716],[-83.5844,35.5627],[-83.5681,35.5641],[-83.565,35.5661],[-83.5512,35.5635],[-83.5407,35.5659],[-83.5303,35.5645],[-83.522,35.5656],[-83.5162,35.5624],[-83.4985,35.5629],[-83.4933,35.5668],[-83.4858,35.5682],[-83.4786,35.5792],[-83.4792,35.583],[-83.474,35.5854],[-83.4713,35.5903],[-83.4627,35.5926],[-83.4566,35.5972],[-83.4457,35.6118],[-83.4323,35.61],[-83.422,35.6111],[-83.4035,35.6213],[-83.393,35.6249],[-83.3887,35.6336],[-83.3779,35.6347],[-83.3729,35.6388],[-83.3683,35.6378],[-83.3561,35.6504],[-83.356,35.6542],[-83.351,35.6605],[-83.345,35.6612],[-83.3354,35.6655],[-83.3216,35.6631],[-83.3124,35.6547],[-83.2986,35.6571],[-83.2935,35.6621],[-83.291,35.6726],[-83.2843,35.6744],[-83.2813,35.6777],[-83.2745,35.6791],[-83.2707,35.6868],[-83.2593,35.6904],[-83.2544,35.6953],[-83.2574,35.7052],[-83.2516,35.7089],[-83.2553,35.7151],[-83.2604,35.7154],[-83.2708,35.713],[-83.2764,35.7136],[-83.275,35.7219],[-83.2779,35.7309],[-83.2804,35.7327],[-83.2808,35.7501],[-83.2751,35.7692],[-83.2784,35.7797],[-83.2839,35.7783],[-83.2868,35.7836],[-83.286,35.7912],[-83.2874,35.7955],[-83.2822,35.8002],[-83.2784,35.8065],[-83.2806,35.8186],[-83.2735,35.8198],[-83.2736,35.8143],[-83.2636,35.819],[-83.2617,35.8254],[-83.27,35.8273],[-83.2705,35.833],[-83.2749,35.8329],[-83.2819,35.841],[-83.2841,35.8476],[-83.2893,35.8529],[-83.2934,35.8543],[-83.2888,35.8657],[-83.3087,35.8717],[-83.3097,35.8802],[-83.3075,35.8866],[-83.3155,35.8894],[-83.3152,35.8933],[-83.3108,35.8959],[-83.3227,35.9074],[-83.3311,35.9119],[-83.3378,35.9119],[-83.3534,35.9196],[-83.3604,35.9189],[-83.3714,35.9142],[-83.3797,35.9157],[-83.3875,35.9136],[-83.3921,35.9198],[-83.3893,35.928],[-83.3913,35.9314],[-83.3989,35.933],[-83.4072,35.9289],[-83.416,35.9332],[-83.4296,35.9252],[-83.4354,35.9237],[-83.4394,35.9289],[-83.4532,35.9288],[-83.4544,35.9245],[-83.4603,35.9231],[-83.4651,35.9248],[-83.4749,35.9229],[-83.4771,35.9301],[-83.4837,35.928],[-83.4903,35.9281],[-83.4879,35.9351],[-83.5083,35.9394],[-83.5083,35.9424],[-83.5182,35.9509],[-83.5163,35.9557],[-83.5215,35.963],[-83.5255,35.9646],[-83.5821,36.0001],[-83.6075,36.0157],[-83.6137,36.0136],[-83.6189,36.0193],[-83.6554,36.043],[-83.6586,36.0364],[-83.6733,36.0385],[-83.6749,36.0296],[-83.67,36.0185],[-83.669,36.0087],[-83.6619,35.9915],[-83.6513,35.9896],[-83.651,35.9864],[-83.6597,35.9859],[-83.6546,35.9719],[-83.6624,35.9665],[-83.6688,35.9598],[-83.6778,35.9529],[-83.6866,35.95],[-83.6874,35.9465],[-83.6831,35.9398],[-83.6881,35.9387],[-83.6934,35.9447],[-83.6978,35.9398],[-83.7214,35.9272],[-83.7328,35.9196],[-83.7385,35.917],[-83.7407,35.921],[-83.7526,35.9183],[-83.758,35.9148],[-83.7676,35.9115],[-83.7681,35.9083],[-83.7742,35.9053],[-83.7789,35.8966],[-83.7837,35.8926],[-83.7943,35.8871]]]},"properties":{"NAME":"Sevier","NAMELSAD":"Sevier County","GEOID":"47155"}},
{"type":"Feature","geometry":{"type":"Polygon","coordinates":[[[-84.7036,35.241],[-84.7052,35.2381],[-84.713,35.2363],[-84.7158,35.2337],[-84.7131,35.2291],[-84.697,35.2284],[-84.7021,35.2191],[-84.6979,35.2005],[-84.6998,35.1924],[-84.7033,35.1848],[-84.6999,35.171],[-84.7244,35.1267],[-84.7474,35.086],[-84.7353,35.0814],[-84.7486,35.0588],[-84.7596,35.0254],[-84.7724,35.0001],[-84.7759,34.9879],[-84.75,34.9881],[-84.6825,34.9882],[-84.6249,34.988],[-84.6215,34.9883],[-84.5033,34.988],[-84.4873,34.9882],[-84.3749,34.988],[-84.3218,34.9884],[-84.3205,35.0001],[-84.3122,35.0624],[-84.2991,35.1622],[-84.2948,35.185],[-84.2924,35.2067],[-84.3257,35.2194],[-84.3325,35.2079],[-84.3404,35.2109],[-84.3443,35.2043],[-84.3521,35.2073],[-84.3448,35.2204],[-84.3609,35.2267],[-84.3569,35.2337],[-84.3749,35.2402],[-84.4955,35.2855],[-84.5052,35.2763],[-84.5134,35.2704],[-84.5161,35.2665],[-84.6249,35.2678],[-84.6674,35.268],[-84.6766,35.2537],[-84.6855,35.2536],[-84.6854,35.2466],[-84.6946,35.2467],[-84.7036,35.241]]]},"properties":{"NAME":"Polk","NAMELSAD":"Polk County","GEOID":"47139"}},
{"type":"Feature","geometry":{"type":"Polygon","coordinates":[[[-88.6069,35.7894],[-88.6082,35.7368],[-88.6107,35.6464],[-88.6033,35.6442],[-88.6036,35.6261],[-88.6109,35.6264],[-88.6136,35.5881],[-88.6087,35.5857],[-88.5996,35.5917],[-88.5915,35.591],[-88.5878,35.5873],[-88.576,35.5886],[-88.5656,35.5871],[-88.5564,35.5674],[-88.5448,35.5491],[-88.5296,35.5318],[-88.519,35.5222],[-88.5054,35.512],[-88.4691,35.4959],[-88.4414,35.4903],[-88.4213,35.489],[-88.4164,35.4875],[-88.4146,35.4823],[-88.4026,35.4846],[-88.3779,35.4929],[-88.364,35.4928],[-88.3608,35.419],[-88.25,35.4165],[-88.242,35.4187],[-88.2417,35.4233],[-88.248,35.4235],[-88.2431,35.5289],[-88.2312,35.5473],[-88.2168,35.5489],[-88.2165,35.554],[-88.2265,35.5543],[-88.1905,35.6091],[-88.1895,35.6242],[-88.1979,35.6244],[-88.1979,35.6304],[-88.189,35.6311],[-88.1877,35.6577],[-88.1823,35.7501],[-88.1811,35.7772],[-88.185,35.7829],[-88.1807,35.7853],[-88.1792,35.8168],[-88.2718,35.8189],[-88.3474,35.8207],[-88.391,35.8214],[-88.4968,35.8238],[-88.5001,35.8235],[-88.5691,35.8248],[-88.5715,35.8227],[-88.5715,35.8152],[-88.5759,35.8166],[-88.5832,35.8153],[-88.5893,35.8117],[-88.5996,35.8018],[-88.5998,35.7892],[-88.6069,35.7894]]]},"properties":{"NAME":"Henderson","NAMELSAD":"Henderson County","GEOID":"47077"}},
{"type":"Feature","geometry":{"type":"Polygon","coordinates":[[[-88.3626,35.381],[-88.371,35.3807],[-88.3706,35.3748],[-88.3839,35.3751],[-88.3835,35.3809],[-88.3975,35.3811],[-88.4603,35.3842],[-88.4872,35.3852],[-88.5077,35.3849],[-88.5087,35.3797],[-88.5218,35.3793],[-88.522,35.3851],[-88.5665,35.3823],[-88.5617,35.3767],[-88.5612,35.3697],[-88.5698,35.3751],[-88.5718,35.3821],[-88.5908,35.377],[-88.6075,35.3703],[-88.6409,35.361],[-88.6504,35.3516],[-88.6631,35.3403],[-88.662,35.3361],[-88.6618,35.3206],[-88.6601,35.3125],[-88.6727,35.3125],[-88.6727,35.319],[-88.6749,35.3234],[-88.684,35.3178],[-88.6893,35.3102],[-88.6991,35.2884],[-88.7062,35.2652],[-88.7071,35.2579],[-88.716,35.2581],[-88.7198,35.2476],[-88.7818,35.2476],[-88.7867,35.1251],[-88.7868,35.0498],[-88.7861,35.0001],[-88.7866,34.9953],[-88.7432,34.9951],[-88.6202,34.9955],[-88.4943,34.9959],[-88.4641,34.9961],[-88.3805,34.9956],[-88.3801,35.0001],[-88.3766,35.0787],[-88.3744,35.1251],[-88.3694,35.2487],[-88.3684,35.2573],[-88.3672,35.291],[-88.3749,35.2911],[-88.3749,35.304],[-88.3725,35.3055],[-88.3726,35.3158],[-88.3656,35.3157],[-88.3626,35.381]]]},"properties":{"NAME":"McNairy","NAMELSAD":"McNairy County","GEOID":"47109"}},
{"type":"Feature","geometry":{"type":"Polygon","coordinates":[[[-85.1204,36.4072],[-85.1207,36.375],[-85.1222,36.3046],[-85.1106,36.2678],[-85.0825,36.1962],[-85.1196,36.1447],[-85.1002,36.1386],[-85.0817,36.1328],[-85.0816,36.1382],[-85.0767,36.1406],[-85.0695,36.1399],[-85.067,36.147],[-85.0561,36.153],[-85.0444,36.1532],[-85.0391,36.1633],[-85.035,36.163],[-85.0331,36.1685],[-85.0278,36.17],[-85.0258,36.1651],[-85.0218,36.1653],[-85.0186,36.1603],[-85.0109,36.1597],[-85.0007,36.1509],[-84.9975,36.1522],[-84.9952,36.1605],[-84.9856,36.1613],[-84.9805,36.1578],[-84.9732,36.1596],[-84.959,36.1479],[-84.9516,36.1537],[-84.9371,36.1549],[-84.9329,36.1508],[-84.9332,36.1463],[-84.9259,36.147],[-84.9214,36.1508],[-84.9155,36.151],[-84.9078,36.1563],[-84.9052,36.1593],[-84.905,36.167],[-84.8998,36.1727],[-84.9042,36.1838],[-84.9105,36.1864],[-84.9114,36.1981],[-84.9142,36.2083],[-84.9039,36.217],[-84.902,36.2237],[-84.8974,36.2241],[-84.8923,36.2328],[-84.8906,36.2397],[-84.8838,36.2392],[-84.8848,36.2493],[-84.8818,36.2622],[-84.8761,36.2692],[-84.8786,36.2802],[-84.8752,36.2856],[-84.8661,36.2929],[-84.8585,36.2918],[-84.8556,36.2937],[-84.8429,36.287],[-84.8332,36.2919],[-84.8301,36.2956],[-84.8222,36.2995],[-84.8143,36.2933],[-84.8056,36.2969],[-84.7979,36.2969],[-84.7917,36.3031],[-84.7953,36.3079],[-84.7897,36.3172],[-84.782,36.3197],[-84.7859,36.3258],[-84.7785,36.3267],[-84.7748,36.3337],[-84.7685,36.3335],[-84.762,36.3285],[-84.7552,36.3347],[-84.75,36.3322],[-84.7397,36.3379],[-84.7429,36.343],[-84.7424,36.354],[-84.7325,36.3505],[-84.7277,36.3545],[-84.7327,36.3588],[-84.7325,36.3663],[-84.7291,36.3693],[-84.7234,36.3698],[-84.7248,36.3762],[-84.7187,36.3747],[-84.709,36.3683],[-84.7008,36.3708],[-84.6893,36.3757],[-84.69,36.3842],[-84.6859,36.388],[-84.6769,36.3899],[-84.6591,36.3952],[-84.6683,36.4065],[-84.6636,36.4066],[-84.6648,36.4135],[-84.6744,36.4138],[-84.6925,36.4355],[-84.7151,36.4989],[-84.7318,36.5247],[-84.784,36.525],[-84.818,36.5501],[-84.8623,36.5699],[-84.8749,36.5733],[-84.8998,36.5783],[-84.9273,36.5811],[-84.9431,36.5813],[-84.9568,36.5791],[-84.9761,36.5744],[-84.9996,36.5657],[-85.0107,36.5741],[-85.0128,36.5655],[-85.0191,36.5663],[-85.0226,36.5592],[-85.0309,36.5602],[-85.0388,36.5541],[-85.0439,36.5588],[-85.0469,36.5539],[-85.0512,36.5523],[-85.0525,36.5479],[-85.0471,36.5439],[-85.0477,36.5321],[-85.0536,36.5233],[-85.0646,36.5277],[-85.0749,36.5187],[-85.0885,36.5001],[-85.0907,36.4884],[-85.1028,36.4099],[-85.1204,36.4072]]]},"properties":{"NAME":"Fentress","NAMELSAD":"Fentress County","GEOID":"47049"}},
{"type":"Feature","geometry":{"type":"Polygon","coordinates":[[[-87.9909,36.3601],[-87.992,36.359],[-88.032,36.3598],[-88.0877,36.3592],[-88.0937,36.3603],[-88.0968,36.3554],[-88.0965,36.3472],[-88.0923,36.3403],[-88.0975,36.3374],[-88.0964,36.3297],[-88.1021,36.327],[-88.1001,36.319],[-88.1026,36.3097],[-88.0992,36.3089],[-88.0973,36.3016],[-88.0933,36.2971],[-88.0911,36.2885],[-88.0925,36.281],[-88.0904,36.2714],[-88.0872,36.2692],[-88.0829,36.2604],[-88.0871,36.2533],[-88.0922,36.2543],[-88.1027,36.2521],[-88.0976,36.245],[-88.1047,36.2323],[-88.1107,36.2287],[-88.1134,36.2233],[-88.1228,36.2239],[-88.1288,36.219],[-88.1358,36.2187],[-88.1392,36.2017],[-88.1434,36.2002],[-88.1456,36.1948],[-88.1591,36.1822],[-88.1624,36.1755],[-88.1708,36.171],[-88.1727,36.1675],[-88.1676,36.1626],[-88.1766,36.1572],[-88.1765,36.1477],[-88.1815,36.1448],[-88.1856,36.1462],[-88.1898,36.1387],[-88.1971,36.13],[-88.2022,36.129],[-88.2126,36.1203],[-88.2135,36.0322],[-88.2152,35.9449],[-88.2166,35.8862],[-88.2247,35.8864],[-88.2251,35.8772],[-88.2168,35.8772],[-88.2174,35.8466],[-88.1779,35.8458],[-88.1623,35.8453],[-88.1381,35.8453],[-88.0886,35.8425],[-88.0827,35.8395],[-88.075,35.845],[-88.062,35.845],[-88.0615,35.8503],[-88.0518,35.85],[-88.0426,35.8428],[-88.0336,35.8437],[-88.0286,35.8372],[-88.0266,35.8296],[-88.0282,35.811],[-88.0173,35.8111],[-88.0114,35.8158],[-88.0036,35.8164],[-87.9963,35.8113],[-87.9899,35.8162],[-87.9844,35.817],[-87.9707,35.8157],[-87.969,35.8288],[-87.9627,35.8409],[-87.9487,35.8545],[-87.9403,35.866],[-87.9369,35.8751],[-87.933,35.8927],[-87.9289,35.9051],[-87.9258,35.9304],[-87.9267,35.9356],[-87.9346,35.94],[-87.9532,35.9392],[-87.9742,35.9372],[-88,35.9408],[-88.0129,35.9467],[-88.021,35.9612],[-88.0226,35.9695],[-88.0204,35.98],[-88.0143,35.9865],[-88.0045,35.9922],[-87.9993,36.0027],[-87.9998,36.0146],[-88.0016,36.0233],[-88.0008,36.0281],[-87.9938,36.0381],[-87.9891,36.0467],[-87.9781,36.059],[-87.9597,36.0759],[-87.9512,36.0893],[-87.9399,36.1024],[-87.938,36.1089],[-87.9225,36.1223],[-87.919,36.1301],[-87.9157,36.1608],[-87.92,36.1718],[-87.9334,36.1838],[-87.9396,36.1976],[-87.9405,36.2054],[-87.9489,36.2168],[-87.9517,36.2223],[-87.9519,36.2294],[-87.9496,36.2432],[-87.9443,36.2642],[-87.9477,36.2853],[-87.9558,36.3122],[-87.9618,36.3227],[-87.9687,36.3272],[-87.9707,36.3386],[-87.9807,36.3533],[-87.9827,36.3561],[-87.9909,36.3601]]]},"properties":{"NAME":"Benton","NAMELSAD":"Benton County","GEOID":"47005"}},
{"type":"Feature","geometry":{"type":"Polygon","coordinates":[[[-84.7855,36.6035],[-84.83,36.6045],[-84.9361,36.6117],[-84.9916,36.617],[-85.0269,36.6193],[-85.1092,36.6229],[-85.1757,36.625],[-85.2763,36.6268],[-85.2767,36.6178],[-85.2813,36.6117],[-85.2769,36.6073],[-85.2775,36.5861],[-85.2671,36.5732],[-85.2781,36.5555],[-85.2818,36.5477],[-85.2849,36.5313],[-85.2785,36.5363],[-85.2692,36.5403],[-85.2584,36.5332],[-85.2608,36.5297],[-85.25,36.5231],[-85.2398,36.5206],[-85.2233,36.515],[-85.2086,36.5071],[-85.1854,36.4904],[-85.1577,36.4668],[-85.1592,36.4638],[-85.1503,36.4601],[-85.1479,36.4562],[-85.1469,36.4358],[-85.1363,36.4187],[-85.1345,36.4136],[-85.1351,36.407],[-85.1289,36.4056],[-85.1204,36.4072],[-85.1028,36.4099],[-85.0907,36.4884],[-85.0885,36.5001],[-85.0749,36.5187],[-85.0646,36.5277],[-85.0536,36.5233],[-85.0477,36.5321],[-85.0471,36.5439],[-85.0525,36.5479],[-85.0512,36.5523],[-85.0469,36.5539],[-85.0439,36.5588],[-85.0388,36.5541],[-85.0309,36.5602],[-85.0226,36.5592],[-85.0191,36.5663],[-85.0128,36.5655],[-85.0107,36.5741],[-84.9996,36.5657],[-84.9761,36.5744],[-84.9568,36.5791],[-84.9431,36.5813],[-84.9273,36.5811],[-84.8998,36.5783],[-84.8749,36.5733],[-84.8623,36.5699],[-84.818,36.5501],[-84.784,36.525],[-84.7318,36.5247],[-84.7499,36.5535],[-84.7855,36.6035]]]},"properties":{"NAME":"Pickett","NAMELSAD":"Pickett County","GEOID":"47137"}},
{"type":"Feature","geometry":{"type":"Polygon","coordinates":[[[-86.2615,35.3336],[-86.2602,35.3277],[-86.2554,35.3278],[-86.2453,35.3237],[-86.2462,35.3181],[-86.2519,35.3152],[-86.2538,35.3061],[-86.2507,35.3059],[-86.2558,35.2958],[-86.2662,35.2977],[-86.2672,35.2857],[-86.2734,35.2861],[-86.274,35.2806],[-86.2675,35.2767],[-86.2724,35.2732],[-86.2792,35.2725],[-86.2839,35.268],[-86.2833,35.2615],[-86.2863,35.2568],[-86.2787,35.2501],[-86.2812,35.2418],[-86.2857,35.2422],[-86.2979,35.2356],[-86.2993,35.2308],[-86.2975,35.2222],[-86.3083,35.2224],[-86.3162,35.2198],[-86.3147,35.2153],[-86.3076,35.2176],[-86.2959,35.2181],[-86.2937,35.2073],[-86.3019,35.2066],[-86.3018,35.1988],[-86.309,35.1981],[-86.3118,35.1955],[-86.3062,35.1875],[-86.3108,35.1811],[-86.3015,35.1774],[-86.301,35.1732],[-86.3119,35.1723],[-86.3167,35.1689],[-86.32,35.1613],[-86.3198,35.1531],[-86.3169,35.1465],[-86.328,35.1495],[-86.3333,35.1465],[-86.3214,35.137],[-86.3128,35.1339],[-86.3182,35.127],[-86.3178,35.0636],[-86.3203,35.0328],[-86.3188,34.9912],[-86.248,34.9904],[-86.0671,34.9895],[-86.0075,34.989],[-85.8639,34.9883],[-85.8634,35.0115],[-85.8638,35.1156],[-85.8633,35.1712],[-85.8633,35.2203],[-85.873,35.2204],[-85.873,35.2234],[-85.8868,35.2474],[-85.8934,35.2573],[-85.9081,35.2765],[-85.9136,35.2892],[-85.9198,35.2919],[-85.9256,35.2905],[-85.9308,35.2927],[-85.9342,35.2998],[-85.9433,35.2986],[-85.9468,35.308],[-85.9566,35.3082],[-85.9625,35.3147],[-85.9662,35.3104],[-85.9772,35.3127],[-85.9769,35.3172],[-85.9851,35.3169],[-85.9903,35.3131],[-85.9939,35.3155],[-86.0024,35.3149],[-86.0036,35.3191],[-86.0237,35.3344],[-86.0335,35.3352],[-86.027,35.3438],[-86.0366,35.3437],[-86.0755,35.3501],[-86.158,35.3626],[-86.1605,35.3516],[-86.1723,35.3527],[-86.172,35.3576],[-86.194,35.3445],[-86.1893,35.339],[-86.1976,35.3335],[-86.1996,35.3375],[-86.2087,35.3382],[-86.2128,35.3469],[-86.2275,35.3475],[-86.2281,35.3434],[-86.2327,35.3412],[-86.2399,35.3445],[-86.2502,35.3447],[-86.2508,35.3369],[-86.2605,35.3375],[-86.2615,35.3336]]]},"properties":{"NAME":"Franklin","NAMELSAD":"Franklin County","GEOID":"47051"}},
{"type":"Feature","geometry":{"type":"MultiPolygon","coordinates":[[[[-89.5021,35.5806],[-89.511,35.5811],[-89.5115,35.588],[-89.5212,35.5901],[-89.519,35.5931],[-89.5261,35.5982],[-89.5331,35.5972],[-89.5321,35.6026],[-89.5394,35.6049],[-89.5436,35.6028],[-89.562,35.6138],[-89.5721,35.6139],[-89.579,35.6192],[-89.5839,35.6196],[-89.5879,35.6254],[-89.5964,35.6297],[-89.6024,35.629],[-89.6091,35.6337],[-89.613,35.6432],[-89.6208,35.646],[-89.6238,35.6522],[-89.6311,35.645],[-89.6405,35.6451],[-89.6494,35.6477],[-89.6538,35.6448],[-89.6507,35.6395],[-89.6544,35.6358],[-89.6623,35.6321],[-89.665,35.6357],[-89.6716,35.6388],[-89.6856,35.6381],[-89.6914,35.6419],[-89.6998,35.6429],[-89.7061,35.6397],[-89.7107,35.6409],[-89.7274,35.6366],[-89.7288,35.6471],[-89.7406,35.6453],[-89.7515,35.6467],[-89.7578,35.6504],[-89.7629,35.6459],[-89.7663,35.6401],[-89.7762,35.638],[-89.7789,35.6358],[-89.7866,35.6377],[-89.7932,35.6374],[-89.8011,35.6293],[-89.8068,35.6273],[-89.8039,35.6236],[-89.8071,35.6205],[-89.8209,35.6168],[-89.8248,35.6096],[-89.8242,35.6031],[-89.8278,35.6024],[-89.8452,35.6041],[-89.8424,35.5976],[-89.8506,35.5952],[-89.8529,35.5909],[-89.8573,35.5917],[-89.8623,35.5851],[-89.8789,35.5865],[-89.8858,35.5824],[-89.8813,35.5774],[-89.8891,35.5707],[-89.8879,35.5679],[-89.8944,35.5502],[-89.9011,35.5423],[-89.9098,35.5379],[-89.9039,35.5342],[-89.9077,35.523],[-89.9109,35.5182],[-89.918,35.5141],[-89.9232,35.5144],[-89.9359,35.5189],[-89.945,35.5194],[-89.9513,35.5219],[-89.9577,35.5272],[-89.9557,35.5336],[-89.9571,35.5398],[-89.9637,35.5454],[-89.9796,35.5557],[-89.9895,35.5601],[-89.9992,35.5612],[-90.008,35.5601],[-90.0176,35.556],[-90.0245,35.5564],[-90.0351,35.5525],[-90.0396,35.5486],[-90.0426,35.5359],[-90.0462,35.5296],[-90.0504,35.5159],[-90.0485,35.5041],[-90.0435,35.4923],[-90.0338,35.4794],[-90.0203,35.4703],[-90.0191,35.4651],[-90.0266,35.4478],[-90.0266,35.4401],[-90.031,35.4331],[-90.0316,35.4277],[-90.0406,35.4229],[-90.0442,35.4192],[-90.0466,35.413],[-90.0568,35.4039],[-90.044,35.3967],[-90.0416,35.3966],[-90.0001,35.3951],[-89.9725,35.3936],[-89.9271,35.3935],[-89.884,35.3912],[-89.8585,35.3906],[-89.8295,35.3922],[-89.8117,35.3903],[-89.8004,35.3913],[-89.7788,35.3878],[-89.7767,35.4052],[-89.7367,35.4014],[-89.7328,35.4057],[-89.7207,35.4066],[-89.7102,35.4044],[-89.7093,35.4095],[-89.7025,35.4086],[-89.7029,35.3891],[-89.6428,35.388],[-89.6452,35.3753],[-89.6328,35.3758],[-89.6179,35.3855],[-89.6162,35.3887],[-89.6068,35.3894],[-89.5986,35.3946],[-89.5879,35.3947],[-89.5761,35.3989],[-89.5732,35.3963],[-89.5587,35.4012],[-89.5523,35.4011],[-89.5428,35.4048],[-89.5001,35.4041],[-89.4742,35.403],[-89.4718,35.4866],[-89.4716,35.5001],[-89.4699,35.5466],[-89.4832,35.5469],[-89.4806,35.5506],[-89.4803,35.5567],[-89.4774,35.5608],[-89.4889,35.5714],[-89.4842,35.5744],[-89.4938,35.5768],[-89.4981,35.5756],[-89.5021,35.5806]]],[[[-90.0543,35.3893],[-90.0694,35.4082],[-90.062,35.4152],[-90.0706,35.4233],[-90.0741,35.434],[-90.0741,35.4396],[-90.0713,35.4503],[-90.0672,35.461],[-90.0682,35.4668],[-90.0741,35.4726],[-90.0837,35.4783],[-90.0987,35.4786],[-90.1074,35.477],[-90.1189,35.4683],[-90.1238,35.4591],[-90.1295,35.4419],[-90.1689,35.4222],[-90.1707,35.4105],[-90.1793,35.3852],[-90.1724,35.3777],[-90.1646,35.3746],[-90.1449,35.3746],[-90.1355,35.3767],[-90.1435,35.3876],[-90.1462,35.3995],[-90.1426,35.4077],[-90.1351,35.413],[-90.1288,35.4137],[-90.1144,35.4111],[-90.1068,35.4033],[-90.0967,35.3953],[-90.0877,35.3908],[-90.0799,35.3853],[-90.075,35.3842],[-90.0618,35.3862],[-90.0543,35.3893]]]]},"properties":{"NAME":"Tipton","NAMELSAD":"Tipton County","GEOID":"47167"}},
{"type":"Feature","geometry":{"type":"Polygon","coordinates":[[[-84.3418,36.049],[-84.3201,35.9916],[-84.2847,35.9294],[-84.2716,35.9102],[-84.2679,35.9139],[-84.2616,35.9144],[-84.2533,35.9174],[-84.2527,35.9204],[-84.2564,35.9284],[-84.2729,35.9367],[-84.2716,35.9422],[-84.2647,35.9436],[-84.2543,35.9399],[-84.2478,35.9329],[-84.2417,35.9292],[-84.2358,35.9317],[-84.2392,35.941],[-84.2399,35.948],[-84.2459,35.9505],[-84.2407,35.9557],[-84.233,35.9526],[-84.2214,35.9458],[-84.2141,35.9479],[-84.2145,35.9541],[-84.2206,35.9616],[-84.2165,35.9665],[-84.2134,35.9758],[-84.1989,35.9772],[-84.1943,35.9836],[-84.1957,35.9903],[-84.1923,35.9955],[-84.1846,35.9929],[-84.1618,35.9899],[-84.1579,35.9913],[-84.1495,35.9869],[-84.1382,35.9929],[-84.1199,36.001],[-84.1143,35.9997],[-84.104,36.008],[-84.1015,36.0117],[-84.0851,36.0167],[-84.0766,36.0235],[-84.0709,36.0263],[-84.0682,36.0314],[-84.0586,36.0363],[-84.094,36.0689],[-84.093,36.0735],[-84.0829,36.0764],[-84.0781,36.0809],[-84.0724,36.0833],[-84.0636,36.0937],[-84.0461,36.1038],[-84.041,36.1108],[-84.0294,36.1167],[-84.0272,36.1239],[-84.0205,36.1289],[-84.0166,36.1286],[-84.0153,36.1354],[-84.0079,36.1353],[-83.9989,36.1408],[-83.9997,36.1444],[-83.9796,36.1608],[-83.9757,36.1629],[-83.9762,36.1681],[-83.9699,36.1675],[-83.9638,36.1752],[-83.9572,36.1776],[-83.952,36.1817],[-83.9476,36.1819],[-83.9417,36.1864],[-83.9464,36.1913],[-83.9605,36.2017],[-83.9691,36.2101],[-83.9774,36.2272],[-83.9876,36.2361],[-83.9978,36.2499],[-83.9964,36.2533],[-84.0098,36.2703],[-84.0043,36.2704],[-84.0109,36.2722],[-84.0215,36.2723],[-84.0259,36.2793],[-84.0257,36.2937],[-84.0285,36.2996],[-84.0325,36.3018],[-84.0376,36.2991],[-84.033,36.2938],[-84.0356,36.288],[-84.042,36.2826],[-84.0414,36.2753],[-84.0554,36.2637],[-84.0583,36.256],[-84.0571,36.2506],[-84.0631,36.247],[-84.0721,36.2523],[-84.076,36.2479],[-84.0759,36.2419],[-84.0698,36.2367],[-84.0696,36.231],[-84.0768,36.2277],[-84.0834,36.2295],[-84.0915,36.2293],[-84.0928,36.2224],[-84.1027,36.2244],[-84.1041,36.2317],[-84.1104,36.2339],[-84.1222,36.2337],[-84.142,36.2349],[-84.1503,36.2374],[-84.1611,36.2375],[-84.1708,36.2402],[-84.1829,36.2397],[-84.2275,36.2449],[-84.2275,36.2329],[-84.2293,36.2256],[-84.2256,36.2196],[-84.2263,36.2165],[-84.2325,36.2146],[-84.2342,36.2084],[-84.2297,36.2017],[-84.2315,36.1918],[-84.2287,36.1874],[-84.2303,36.1821],[-84.2373,36.1785],[-84.243,36.179],[-84.2516,36.1829],[-84.2581,36.1899],[-84.2641,36.1882],[-84.2714,36.1961],[-84.2745,36.2019],[-84.2854,36.2076],[-84.291,36.2153],[-84.3014,36.221],[-84.3097,36.2161],[-84.323,36.2136],[-84.3263,36.2086],[-84.3467,36.2151],[-84.3657,36.2125],[-84.3727,36.2168],[-84.3758,36.2123],[-84.3924,36.2017],[-84.3908,36.1965],[-84.3974,36.1893],[-84.4031,36.1858],[-84.4008,36.1785],[-84.4153,36.168],[-84.4236,36.1687],[-84.4264,36.1647],[-84.4327,36.1654],[-84.441,36.1635],[-84.4408,36.156],[-84.4453,36.1519],[-84.4499,36.1511],[-84.449,36.1396],[-84.4421,36.1355],[-84.43,36.1319],[-84.4255,36.1251],[-84.4204,36.1084],[-84.4164,36.1083],[-84.406,36.1036],[-84.395,36.1044],[-84.3932,36.1005],[-84.379,36.0954],[-84.3611,36.07],[-84.3418,36.049]]]},"properties":{"NAME":"Anderson","NAMELSAD":"Anderson County","GEOID":"47001"}},
{"type":"Feature","geometry":{"type":"Polygon","coordinates":[[[-86.1532,35.9544],[-86.1527,35.9488],[-86.1553,35.9326],[-86.1418,35.9144],[-86.1456,35.9086],[-86.1529,35.9091],[-86.1559,35.8882],[-86.1586,35.8808],[-86.1686,35.8844],[-86.1691,35.8777],[-86.1728,35.873],[-86.1797,35.8253],[-86.1774,35.8198],[-86.1795,35.8053],[-86.1828,35.7964],[-86.1886,35.7959],[-86.1882,35.7875],[-86.1907,35.7824],[-86.1884,35.7772],[-86.1899,35.7718],[-86.1828,35.7684],[-86.1871,35.7637],[-86.1955,35.7414],[-86.2042,35.7372],[-86.2079,35.7323],[-86.203,35.7274],[-86.2065,35.7244],[-86.2066,35.717],[-86.2088,35.7124],[-86.2072,35.7038],[-86.1999,35.7018],[-86.1915,35.7017],[-86.1904,35.6925],[-86.1771,35.687],[-86.1755,35.6843],[-86.1658,35.6816],[-86.1659,35.6769],[-86.1596,35.6763],[-86.1507,35.671],[-86.1511,35.667],[-86.1437,35.6618],[-86.1203,35.6609],[-86.0889,35.6468],[-86.07,35.6458],[-86.0533,35.644],[-86.0527,35.6481],[-86.033,35.6459],[-86.0322,35.6511],[-86.0153,35.6494],[-86.0129,35.6541],[-86.0082,35.6572],[-86.0016,35.6526],[-85.9945,35.6537],[-85.9942,35.6605],[-85.9851,35.6601],[-85.985,35.6666],[-85.9906,35.6808],[-85.9913,35.6974],[-85.987,35.6971],[-85.9868,35.704],[-85.9937,35.7058],[-85.9896,35.7114],[-85.9864,35.731],[-85.9849,35.7346],[-85.9636,35.7613],[-85.9548,35.7671],[-85.9431,35.7811],[-85.9348,35.7815],[-85.9357,35.7861],[-85.9421,35.7868],[-85.9139,35.8225],[-85.8979,35.8302],[-85.8856,35.8305],[-85.8852,35.8397],[-85.8858,35.8428],[-85.8943,35.8441],[-85.8972,35.8468],[-85.8892,35.8542],[-85.8939,35.8556],[-85.908,35.8725],[-85.944,35.9025],[-85.9921,35.949],[-85.997,35.9529],[-86.0149,35.9611],[-86.0227,35.9647],[-86.0834,35.965],[-86.0884,35.967],[-86.0957,35.9609],[-86.1195,35.9592],[-86.1499,35.9623],[-86.1532,35.9544]]]},"properties":{"NAME":"Cannon","NAMELSAD":"Cannon County","GEOID":"47015"}},
{"type":"Feature","geometry":{"type":"Polygon","coordinates":[[[-89.356,35.8176],[-89.3563,35.8143],[-89.3474,35.807],[-89.3456,35.7958],[-89.3398,35.7907],[-89.3362,35.7919],[-89.3311,35.7877],[-89.326,35.7871],[-89.3137,35.7755],[-89.3056,35.7717],[-89.3039,35.774],[-89.2937,35.7718],[-89.291,35.7739],[-89.2818,35.7683],[-89.2707,35.7573],[-89.2712,35.7549],[-89.2404,35.7529],[-89.2237,35.7508],[-89.2044,35.7472],[-89.1902,35.7429],[-89.1717,35.7357],[-89.1561,35.7281],[-89.1423,35.7198],[-89.1286,35.7099],[-89.1171,35.6993],[-89.1023,35.7012],[-89.0947,35.698],[-89.0898,35.6982],[-89.0847,35.6945],[-89.0804,35.6971],[-89.0753,35.6935],[-89.0695,35.6927],[-89.0634,35.6907],[-89.0572,35.6809],[-89.0481,35.6806],[-89.0449,35.6784],[-89.0366,35.6785],[-89.021,35.6711],[-88.9421,35.7405],[-88.8929,35.7838],[-88.8992,35.7884],[-88.9054,35.7907],[-88.9121,35.7906],[-88.9162,35.7973],[-88.9175,35.8006],[-88.9391,35.8148],[-88.9486,35.8138],[-88.9492,35.8169],[-88.9556,35.822],[-88.9655,35.8271],[-88.9674,35.8321],[-88.9785,35.8306],[-88.9785,35.8279],[-88.9882,35.8278],[-88.9936,35.8325],[-89.0066,35.8327],[-89.0066,35.8392],[-89.0193,35.8398],[-89.0219,35.8544],[-89.0329,35.8519],[-89.0391,35.8488],[-89.0639,35.8506],[-89.0658,35.8549],[-89.0722,35.8575],[-89.0779,35.8572],[-89.0848,35.861],[-89.0926,35.861],[-89.1008,35.863],[-89.1096,35.8621],[-89.1118,35.8706],[-89.1098,35.873],[-89.1149,35.8793],[-89.1162,35.8857],[-89.1217,35.8877],[-89.1224,35.8944],[-89.1277,35.8972],[-89.1302,35.904],[-89.1303,35.9149],[-89.1247,35.921],[-89.1321,35.9392],[-89.1354,35.9566],[-89.136,35.9678],[-89.1474,35.9689],[-89.1513,35.9743],[-89.1588,35.9752],[-89.1637,35.9783],[-89.1672,35.9767],[-89.1789,35.9831],[-89.1844,35.9877],[-89.1837,35.995],[-89.1888,35.9998],[-89.1916,35.9901],[-89.2004,35.9704],[-89.2135,35.9518],[-89.2237,35.94],[-89.2365,35.928],[-89.2501,35.9174],[-89.2672,35.9135],[-89.2802,35.8864],[-89.3428,35.8809],[-89.3433,35.8753],[-89.34,35.8711],[-89.3455,35.8543],[-89.3533,35.8478],[-89.3545,35.8401],[-89.3578,35.8359],[-89.3572,35.8312],[-89.3603,35.8283],[-89.3614,35.8225],[-89.356,35.8176]]]},"properties":{"NAME":"Crockett","NAMELSAD":"Crockett County","GEOID":"47033"}},
{"type":"Feature","geometry":{"type":"Polygon","coordinates":[[[-87.2865,36.3219],[-87.2665,36.3208],[-87.2425,36.3234],[-87.2342,36.3267],[-87.2291,36.3258],[-87.2167,36.3159],[-87.2111,36.3148],[-87.2021,36.316],[-87.1918,36.3142],[-87.1773,36.3142],[-87.1674,36.3101],[-87.1566,36.3077],[-87.153,36.3054],[-87.1508,36.2995],[-87.1569,36.2913],[-87.1682,36.2917],[-87.1692,36.2853],[-87.1556,36.284],[-87.1585,36.2799],[-87.155,36.2748],[-87.1564,36.2716],[-87.1818,36.2598],[-87.1826,36.2574],[-87.1933,36.249],[-87.1927,36.2442],[-87.1861,36.2421],[-87.1781,36.2469],[-87.1712,36.2466],[-87.171,36.2433],[-87.1649,36.2355],[-87.169,36.2276],[-87.1816,36.2258],[-87.1874,36.2152],[-87.1865,36.2098],[-87.1799,36.2106],[-87.1714,36.2035],[-87.1711,36.193],[-87.1596,36.1916],[-87.1525,36.1826],[-87.1499,36.1769],[-87.1559,36.1732],[-87.1615,36.1722],[-87.1708,36.166],[-87.1721,36.1605],[-87.1658,36.1547],[-87.1728,36.1095],[-87.173,36.0818],[-87.1766,36.0807],[-87.1731,36.0709],[-87.1788,36.0672],[-87.1826,36.0497],[-87.1423,36.048],[-87.1236,36.0463],[-87.0854,36.0438],[-87.0537,36.0456],[-87.0445,36.0469],[-87.041,36.0423],[-87.0386,36.0821],[-87.0382,36.0944],[-86.9977,36.1285],[-86.9923,36.1628],[-86.9836,36.2096],[-86.9804,36.2173],[-86.984,36.2254],[-86.9744,36.2499],[-86.9577,36.2758],[-86.9478,36.2824],[-86.9233,36.3253],[-86.911,36.3571],[-86.91,36.3633],[-86.9063,36.3665],[-86.9113,36.3722],[-86.916,36.3709],[-86.9132,36.3826],[-86.9196,36.3871],[-86.9279,36.3825],[-86.9366,36.3845],[-86.9417,36.3783],[-86.9493,36.3794],[-86.9564,36.3769],[-86.9623,36.3771],[-86.9708,36.3734],[-86.9717,36.3666],[-86.9793,36.3683],[-86.9841,36.3714],[-86.9881,36.3692],[-87.0054,36.3924],[-87.0277,36.4005],[-87.095,36.4403],[-87.1204,36.4555],[-87.128,36.4512],[-87.1503,36.445],[-87.1501,36.4378],[-87.1522,36.427],[-87.1486,36.4228],[-87.151,36.4167],[-87.1627,36.4133],[-87.1632,36.4214],[-87.1713,36.4276],[-87.1796,36.424],[-87.1785,36.4198],[-87.1824,36.4128],[-87.1794,36.4066],[-87.193,36.4077],[-87.2006,36.4118],[-87.2056,36.4095],[-87.2151,36.396],[-87.2219,36.3943],[-87.25,36.3779],[-87.2539,36.3734],[-87.2566,36.3611],[-87.2634,36.3543],[-87.2673,36.3562],[-87.2728,36.3534],[-87.2805,36.3545],[-87.2798,36.3486],[-87.282,36.3429],[-87.2865,36.3219]]]},"properties":{"NAME":"Cheatham","NAMELSAD":"Cheatham County","GEOID":"47021"}},
{"type":"Feature","geometry":{"type":"Polygon","coordinates":[[[-88.9162,35.7973],[-88.9121,35.7906],[-88.9054,35.7907],[-88.8992,35.7884],[-88.8929,35.7838],[-88.9421,35.7405],[-89.021,35.6711],[-89.0366,35.6785],[-89.0449,35.6784],[-89.0481,35.6806],[-89.0572,35.6809],[-89.0634,35.6907],[-89.0695,35.6927],[-89.0699,35.671],[-89.0741,35.5552],[-89.0757,35.5001],[-89.0789,35.4314],[-89.0001,35.4303],[-88.8416,35.4278],[-88.8158,35.4275],[-88.6759,35.4892],[-88.6344,35.5361],[-88.6142,35.5692],[-88.6136,35.5881],[-88.6109,35.6264],[-88.6036,35.6261],[-88.6033,35.6442],[-88.6107,35.6464],[-88.6082,35.7368],[-88.6069,35.7894],[-88.6647,35.7906],[-88.7068,35.7911],[-88.7611,35.7924],[-88.9162,35.7973]]]},"properties":{"NAME":"Madison","NAMELSAD":"Madison County","GEOID":"47113"}},
{"type":"Feature","geometry":{"type":"Polygon","coordinates":[[[-89.483,36.2127],[-89.4867,36.1998],[-89.4856,36.1945],[-89.4883,36.1876],[-89.4962,36.1876],[-89.6295,36.1854],[-89.6182,36.18],[-89.607,36.1712],[-89.598,36.1609],[-89.5922,36.1501],[-89.5916,36.1421],[-89.5931,36.1297],[-89.5947,36.1263],[-89.6019,36.1195],[-89.6151,36.1138],[-89.6283,36.1069],[-89.643,36.1036],[-89.6666,36.0958],[-89.6725,36.0918],[-89.68,36.0825],[-89.682,36.0723],[-89.6844,36.0517],[-89.6873,36.0341],[-89.6924,36.0205],[-89.7057,36.005],[-89.7069,36.001],[-89.7331,36.0006],[-89.7312,35.9969],[-89.7188,35.985],[-89.72,35.9746],[-89.7188,35.9683],[-89.713,35.9617],[-89.695,35.9515],[-89.6869,35.9477],[-89.6711,35.9358],[-89.6562,35.9258],[-89.6503,35.9178],[-89.6448,35.9044],[-89.639,35.9073],[-89.6384,35.9137],[-89.6406,35.9183],[-89.6373,35.9232],[-89.6314,35.9241],[-89.6242,35.9206],[-89.6083,35.92],[-89.5959,35.9233],[-89.5869,35.9286],[-89.5791,35.9246],[-89.5759,35.9299],[-89.5715,35.9284],[-89.5624,35.9312],[-89.557,35.9375],[-89.5508,35.9341],[-89.5465,35.9355],[-89.5372,35.9303],[-89.5293,35.9296],[-89.522,35.934],[-89.5152,35.9282],[-89.5054,35.9251],[-89.5008,35.9321],[-89.4931,35.9322],[-89.4894,35.9436],[-89.4909,35.9477],[-89.407,35.9466],[-89.4013,35.9376],[-89.3972,35.9408],[-89.3841,35.9207],[-89.3761,35.9157],[-89.3712,35.9149],[-89.3684,35.909],[-89.3549,35.9046],[-89.3557,35.9013],[-89.3465,35.8846],[-89.3428,35.8809],[-89.2802,35.8864],[-89.2672,35.9135],[-89.2501,35.9174],[-89.2365,35.928],[-89.2237,35.94],[-89.2135,35.9518],[-89.2004,35.9704],[-89.1916,35.9901],[-89.1888,35.9998],[-89.1953,36.0074],[-89.2024,36.0095],[-89.2031,36.0162],[-89.1963,36.0192],[-89.1849,36.0204],[-89.1692,36.0264],[-89.1634,36.0261],[-89.1599,36.0996],[-89.1575,36.1042],[-89.1567,36.1118],[-89.1592,36.1126],[-89.1545,36.2047],[-89.2451,36.2072],[-89.375,36.2099],[-89.4487,36.2122],[-89.483,36.2127]]]},"properties":{"NAME":"Dyer","NAMELSAD":"Dyer County","GEOID":"47045"}},
{"type":"Feature","geometry":{"type":"Polygon","coordinates":[[[-89.1888,35.9998],[-89.1837,35.995],[-89.1844,35.9877],[-89.1789,35.9831],[-89.1672,35.9767],[-89.1637,35.9783],[-89.1588,35.9752],[-89.1513,35.9743],[-89.1474,35.9689],[-89.136,35.9678],[-89.1354,35.9566],[-89.1321,35.9392],[-89.1247,35.921],[-89.1303,35.9149],[-89.1302,35.904],[-89.1277,35.8972],[-89.1224,35.8944],[-89.1217,35.8877],[-89.1162,35.8857],[-89.1149,35.8793],[-89.1098,35.873],[-89.1118,35.8706],[-89.1096,35.8621],[-89.1008,35.863],[-89.0926,35.861],[-89.0848,35.861],[-89.0779,35.8572],[-89.0722,35.8575],[-89.0658,35.8549],[-89.0639,35.8506],[-89.0391,35.8488],[-89.0329,35.8519],[-89.0219,35.8544],[-89.0193,35.8398],[-89.0066,35.8392],[-89.0066,35.8327],[-88.9936,35.8325],[-88.9882,35.8278],[-88.9785,35.8279],[-88.9785,35.8306],[-88.9674,35.8321],[-88.9655,35.8271],[-88.9556,35.822],[-88.9492,35.8169],[-88.9486,35.8138],[-88.9391,35.8148],[-88.9175,35.8006],[-88.9162,35.7973],[-88.7611,35.7924],[-88.7068,35.7911],[-88.7038,35.8487],[-88.702,35.8624],[-88.7018,35.8751],[-88.6969,35.9599],[-88.6949,36.0239],[-88.6927,36.0628],[-88.7066,36.0689],[-88.7129,36.0731],[-88.7142,36.0764],[-88.7248,36.0817],[-88.7303,36.0798],[-88.7364,36.0856],[-88.7469,36.0926],[-88.7478,36.0979],[-88.7532,36.102],[-88.7555,36.1073],[-88.7669,36.1124],[-88.7757,36.1103],[-88.7821,36.1126],[-88.787,36.112],[-88.7993,36.1139],[-88.8034,36.1169],[-88.813,36.1166],[-88.8257,36.1204],[-88.8355,36.1215],[-88.8421,36.1278],[-88.8479,36.1306],[-88.8482,36.1355],[-88.8635,36.1377],[-88.8713,36.1496],[-88.8774,36.1543],[-88.8779,36.1594],[-88.8836,36.1629],[-88.8861,36.1678],[-88.8963,36.1781],[-88.9024,36.1782],[-88.9134,36.1864],[-88.9201,36.19],[-88.9319,36.1936],[-88.9439,36.2059],[-88.951,36.2113],[-88.9547,36.2205],[-88.9598,36.2228],[-88.9611,36.202],[-89.0001,36.2021],[-89.0921,36.2033],[-89.1545,36.2047],[-89.1592,36.1126],[-89.1567,36.1118],[-89.1575,36.1042],[-89.1599,36.0996],[-89.1634,36.0261],[-89.1692,36.0264],[-89.1849,36.0204],[-89.1963,36.0192],[-89.2031,36.0162],[-89.2024,36.0095],[-89.1953,36.0074],[-89.1888,35.9998]]]},"properties":{"NAME":"Gibson","NAMELSAD":"Gibson County","GEOID":"47053"}},
{"type":"Feature","geometry":{"type":"Polygon","coordinates":[[[-84.7318,36.5247],[-84.7151,36.4989],[-84.6925,36.4355],[-84.6744,36.4138],[-84.6648,36.4135],[-84.6636,36.4066],[-84.6683,36.4065],[-84.6591,36.3952],[-84.6769,36.3899],[-84.6859,36.388],[-84.69,36.3842],[-84.6893,36.3757],[-84.7008,36.3708],[-84.6249,36.285],[-84.611,36.2704],[-84.6019,36.275],[-84.5918,36.2763],[-84.5873,36.2667],[-84.573,36.2666],[-84.5717,36.2504],[-84.5687,36.2371],[-84.5738,36.2301],[-84.5639,36.2262],[-84.5556,36.2282],[-84.5524,36.2338],[-84.533,36.2263],[-84.471,36.2038],[-84.4722,36.1984],[-84.4681,36.1917],[-84.4586,36.1894],[-84.4591,36.1816],[-84.4466,36.173],[-84.441,36.1635],[-84.4327,36.1654],[-84.4264,36.1647],[-84.4236,36.1687],[-84.4153,36.168],[-84.4008,36.1785],[-84.4031,36.1858],[-84.3974,36.1893],[-84.3908,36.1965],[-84.3924,36.2017],[-84.3758,36.2123],[-84.3727,36.2168],[-84.3727,36.2241],[-84.3687,36.2286],[-84.3757,36.2381],[-84.3739,36.246],[-84.3765,36.2523],[-84.3761,36.2601],[-84.3714,36.2659],[-84.3645,36.2683],[-84.3623,36.2716],[-84.3454,36.2777],[-84.3339,36.278],[-84.3299,36.2851],[-84.3331,36.3644],[-84.3288,36.3674],[-84.3335,36.3729],[-84.3344,36.3881],[-84.3249,36.3909],[-84.3143,36.3825],[-84.3121,36.3846],[-84.3225,36.3931],[-84.3274,36.4031],[-84.3366,36.4117],[-84.3447,36.4157],[-84.3462,36.4384],[-84.3437,36.4409],[-84.3464,36.4503],[-84.3491,36.4539],[-84.3558,36.4567],[-84.3539,36.4635],[-84.3499,36.4663],[-84.3413,36.4656],[-84.3415,36.4719],[-84.3375,36.4759],[-84.339,36.4805],[-84.3366,36.4847],[-84.3385,36.4882],[-84.3346,36.4932],[-84.3396,36.4985],[-84.3294,36.5037],[-84.3304,36.5095],[-84.3253,36.5094],[-84.3131,36.5057],[-84.295,36.5069],[-84.2865,36.5039],[-84.2822,36.505],[-84.2714,36.5117],[-84.2638,36.511],[-84.2596,36.514],[-84.2581,36.522],[-84.2603,36.5269],[-84.2525,36.5302],[-84.2511,36.5342],[-84.2527,36.5455],[-84.2493,36.5498],[-84.2522,36.5558],[-84.2492,36.5647],[-84.2637,36.5667],[-84.2617,36.5723],[-84.2613,36.5918],[-84.2715,36.5917],[-84.4065,36.5954],[-84.4489,36.5962],[-84.4933,36.5966],[-84.5405,36.5963],[-84.6249,36.5995],[-84.6855,36.6014],[-84.75,36.6026],[-84.7855,36.6035],[-84.7499,36.5535],[-84.7318,36.5247]]]},"properties":{"NAME":"Scott","NAMELSAD":"Scott County","GEOID":"47151"}},
{"type":"Feature","geometry":{"type":"Polygon","coordinates":[[[-88.1792,35.8168],[-88.1807,35.7853],[-88.185,35.7829],[-88.1811,35.7772],[-88.1823,35.7501],[-88.1877,35.6577],[-88.189,35.6311],[-88.1979,35.6304],[-88.1979,35.6244],[-88.1895,35.6242],[-88.1905,35.6091],[-88.2265,35.5543],[-88.2165,35.554],[-88.2168,35.5489],[-88.2312,35.5473],[-88.2431,35.5289],[-88.248,35.4235],[-88.2417,35.4233],[-88.2405,35.4201],[-88.2326,35.4194],[-88.2321,35.4143],[-88.2261,35.4141],[-88.2242,35.4112],[-88.216,35.4102],[-88.2101,35.4073],[-88.2069,35.3947],[-88.1986,35.3929],[-88.1968,35.3875],[-88.1996,35.3826],[-88.1965,35.3796],[-88.1897,35.3843],[-88.1665,35.3921],[-88.1613,35.3923],[-88.1448,35.3863],[-88.125,35.3839],[-88.1145,35.3858],[-88.1063,35.3906],[-88.0884,35.4054],[-88.0668,35.4174],[-88.061,35.4166],[-88.0303,35.3967],[-88.0247,35.3923],[-88.0171,35.3876],[-88.0126,35.387],[-87.9942,35.3896],[-87.9846,35.3921],[-87.9749,35.4018],[-87.9734,35.4096],[-87.9752,35.4142],[-87.9878,35.416],[-87.9968,35.4202],[-88.0077,35.4234],[-88.0217,35.4235],[-88.0308,35.428],[-88.0423,35.4446],[-88.0427,35.4535],[-88.0399,35.4593],[-88.0337,35.4619],[-88.0268,35.4721],[-88.0052,35.478],[-87.9982,35.4788],[-87.9891,35.4827],[-87.9813,35.4902],[-87.9795,35.4938],[-87.9744,35.5141],[-87.9746,35.521],[-87.9813,35.5353],[-87.9866,35.5417],[-87.9984,35.5531],[-88.01,35.5722],[-88.016,35.584],[-88.0205,35.5895],[-88.0342,35.6138],[-88.0358,35.6218],[-88.0189,35.6602],[-88.0166,35.6776],[-88.0176,35.6831],[-88.0284,35.6938],[-88.0339,35.7104],[-88.0348,35.7173],[-88.0323,35.7253],[-88.0216,35.7376],[-88.0146,35.7435],[-88.003,35.7501],[-87.99,35.7617],[-87.9863,35.7666],[-87.9799,35.7789],[-87.9739,35.7957],[-87.9707,35.8157],[-87.9844,35.817],[-87.9899,35.8162],[-87.9963,35.8113],[-88.0036,35.8164],[-88.0114,35.8158],[-88.0173,35.8111],[-88.0282,35.811],[-88.0266,35.8296],[-88.0286,35.8372],[-88.0336,35.8437],[-88.0426,35.8428],[-88.0518,35.85],[-88.0615,35.8503],[-88.062,35.845],[-88.075,35.845],[-88.0827,35.8395],[-88.0886,35.8425],[-88.1381,35.8453],[-88.1623,35.8453],[-88.1779,35.8458],[-88.1792,35.8168]]]},"properties":{"NAME":"Decatur","NAMELSAD":"Decatur County","GEOID":"47039"}},
{"type":"Feature","geometry":{"type":"Polygon","coordinates":[[[-87.3392,35.6591],[-87.3397,35.6568],[-87.3316,35.6563],[-87.3334,35.642],[-87.3318,35.6398],[-87.3416,35.6293],[-87.3454,35.6219],[-87.3529,35.6179],[-87.3542,35.6103],[-87.3544,35.5971],[-87.3523,35.5846],[-87.3385,35.5844],[-87.3384,35.5728],[-87.3274,35.5725],[-87.3219,35.5691],[-87.3149,35.5676],[-87.3177,35.5491],[-87.2899,35.548],[-87.2906,35.5425],[-87.286,35.5422],[-87.2864,35.5312],[-87.2823,35.5209],[-87.2824,35.5049],[-87.2778,35.5068],[-87.2694,35.5059],[-87.2705,35.5007],[-87.279,35.5015],[-87.2834,35.4969],[-87.2767,35.4922],[-87.2797,35.4839],[-87.2748,35.4834],[-87.2768,35.4701],[-87.2795,35.4694],[-87.2815,35.4587],[-87.289,35.4594],[-87.2898,35.4513],[-87.2937,35.4516],[-87.2945,35.4447],[-87.2952,35.4421],[-87.2279,35.4293],[-87.2257,35.4337],[-87.2263,35.4405],[-87.2173,35.4384],[-87.2066,35.4332],[-87.1932,35.4309],[-87.1657,35.4369],[-87.1602,35.4354],[-87.1499,35.4469],[-87.1383,35.4484],[-87.1339,35.4532],[-87.1209,35.4557],[-87.1173,35.4517],[-87.1092,35.449],[-87.1033,35.4505],[-87.1018,35.4457],[-87.0909,35.4422],[-87.0844,35.4432],[-87.0705,35.4383],[-87.059,35.4313],[-87.0453,35.4284],[-87.037,35.4288],[-87.0327,35.4317],[-87.0256,35.4295],[-87.0243,35.425],[-87.0198,35.424],[-87.0175,35.4158],[-87.0092,35.413],[-87.0014,35.4125],[-86.9988,35.4096],[-86.9867,35.4094],[-86.987,35.418],[-86.9722,35.4151],[-86.9682,35.4121],[-86.9618,35.4125],[-86.9608,35.417],[-86.9563,35.4392],[-86.955,35.4515],[-86.9364,35.4591],[-86.9326,35.4554],[-86.9222,35.4549],[-86.9195,35.4579],[-86.9245,35.4637],[-86.8956,35.4812],[-86.8806,35.494],[-86.8806,35.4986],[-86.8771,35.5097],[-86.8756,35.5213],[-86.8706,35.5208],[-86.8728,35.5035],[-86.8713,35.5025],[-86.8496,35.5255],[-86.8381,35.5508],[-86.8382,35.5594],[-86.8417,35.5597],[-86.8405,35.5673],[-86.8344,35.5668],[-86.8364,35.5755],[-86.8299,35.5741],[-86.8274,35.5821],[-86.8408,35.5833],[-86.8399,35.5915],[-86.8284,35.5963],[-86.8248,35.6009],[-86.8119,35.6964],[-86.8032,35.6994],[-86.8028,35.692],[-86.7969,35.6915],[-86.7933,35.7029],[-86.782,35.7066],[-86.7979,35.708],[-86.7974,35.7115],[-86.807,35.7125],[-86.8113,35.7159],[-86.8119,35.7205],[-86.8229,35.7232],[-86.8455,35.7252],[-86.8494,35.7315],[-86.854,35.7343],[-86.8794,35.7408],[-86.9157,35.7536],[-86.929,35.7572],[-86.9383,35.762],[-86.9323,35.7687],[-86.9284,35.7781],[-86.9417,35.7796],[-86.9443,35.7727],[-86.9522,35.7735],[-86.9507,35.7816],[-86.9625,35.7829],[-86.9621,35.7753],[-86.9695,35.7717],[-86.9969,35.7805],[-87.0114,35.7812],[-87.0155,35.787],[-87.1574,35.8322],[-87.2151,35.8507],[-87.2195,35.8189],[-87.2294,35.7501],[-87.2341,35.7247],[-87.2408,35.7237],[-87.2447,35.7208],[-87.2621,35.72],[-87.2628,35.7174],[-87.2533,35.7148],[-87.2507,35.7066],[-87.2558,35.7004],[-87.2615,35.6963],[-87.266,35.6958],[-87.2894,35.6969],[-87.295,35.6953],[-87.298,35.6895],[-87.3079,35.6861],[-87.3098,35.6804],[-87.3189,35.6744],[-87.3178,35.6715],[-87.3216,35.6609],[-87.3253,35.6578],[-87.3291,35.659],[-87.3351,35.6575],[-87.3392,35.6591]]]},"properties":{"NAME":"Maury","NAMELSAD":"Maury County","GEOID":"47119"}},
{"type":"Feature","geometry":{"type":"Polygon","coordinates":[[[-89.6328,35.3758],[-89.6378,35.2771],[-89.6384,35.2589],[-89.6377,35.2568],[-89.6384,35.2162],[-89.6371,35.1979],[-89.6409,35.0817],[-89.6428,35.0449],[-89.6441,34.9953],[-89.5178,34.9948],[-89.4867,34.994],[-89.435,34.9938],[-89.3527,34.9939],[-89.3,34.9944],[-89.2174,34.9947],[-89.1983,34.9945],[-89.1941,35.1048],[-89.1916,35.1776],[-89.1895,35.2436],[-89.1851,35.3736],[-89.1839,35.3971],[-89.2476,35.3983],[-89.3475,35.4003],[-89.3475,35.3995],[-89.4386,35.4011],[-89.4385,35.4021],[-89.4742,35.403],[-89.5001,35.4041],[-89.5428,35.4048],[-89.5523,35.4011],[-89.5587,35.4012],[-89.5732,35.3963],[-89.5761,35.3989],[-89.5879,35.3947],[-89.5986,35.3946],[-89.6068,35.3894],[-89.6162,35.3887],[-89.6179,35.3855],[-89.6328,35.3758]]]},"properties":{"NAME":"Fayette","NAMELSAD":"Fayette County","GEOID":"47047"}},
{"type":"Feature","geometry":{"type":"Polygon","coordinates":[[[-83.2553,36.2891],[-83.2633,36.2885],[-83.2672,36.2853],[-83.2655,36.277],[-83.279,36.2731],[-83.2783,36.2645],[-83.2816,36.2622],[-83.2902,36.2627],[-83.2922,36.2667],[-83.2907,36.272],[-83.2945,36.2781],[-83.299,36.2761],[-83.3051,36.2682],[-83.3104,36.2703],[-83.3123,36.2765],[-83.3175,36.2788],[-83.32,36.2837],[-83.318,36.2878],[-83.3195,36.2923],[-83.3271,36.2967],[-83.3328,36.2908],[-83.3335,36.2841],[-83.341,36.2795],[-83.3552,36.2826],[-83.363,36.279],[-83.3644,36.276],[-83.3622,36.2677],[-83.3656,36.2658],[-83.3842,36.2657],[-83.3877,36.2646],[-83.3971,36.2532],[-83.4095,36.2488],[-83.4199,36.2363],[-83.4217,36.2317],[-83.4161,36.2194],[-83.4266,36.2115],[-83.4342,36.2099],[-83.4388,36.2123],[-83.4391,36.2211],[-83.4439,36.2222],[-83.4495,36.218],[-83.4512,36.2032],[-83.4473,36.1963],[-83.4491,36.1903],[-83.4603,36.1881],[-83.4659,36.1889],[-83.4687,36.1854],[-83.4657,36.1785],[-83.4671,36.1747],[-83.4588,36.1554],[-83.4081,36.1541],[-83.3939,36.1552],[-83.391,36.1518],[-83.391,36.1457],[-83.3864,36.1424],[-83.3839,36.1491],[-83.3883,36.1536],[-83.373,36.1538],[-83.3318,36.1438],[-83.3304,36.1455],[-83.2937,36.1382],[-83.2745,36.1308],[-83.2591,36.1206],[-83.242,36.1013],[-83.2392,36.0929],[-83.2346,36.0851],[-83.2282,36.0814],[-83.2255,36.0828],[-83.2269,36.0925],[-83.2328,36.0999],[-83.235,36.1059],[-83.244,36.1181],[-83.2462,36.1232],[-83.2408,36.1265],[-83.2256,36.1216],[-83.2197,36.1275],[-83.2198,36.1348],[-83.2249,36.1434],[-83.2249,36.1491],[-83.2172,36.1502],[-83.2091,36.1421],[-83.203,36.1388],[-83.1953,36.1289],[-83.1853,36.1254],[-83.1751,36.1274],[-83.179,36.153],[-83.182,36.162],[-83.1877,36.1695],[-83.1853,36.1768],[-83.1732,36.1805],[-83.1661,36.1809],[-83.1616,36.1836],[-83.1498,36.1842],[-83.1387,36.1902],[-83.1373,36.1972],[-83.1326,36.1987],[-83.1304,36.2044],[-83.1251,36.2029],[-83.112,36.2208],[-83.0987,36.2303],[-83.0935,36.2323],[-83.0903,36.2378],[-83.0823,36.2423],[-83.0829,36.2465],[-83.0941,36.2535],[-83.1029,36.266],[-83.1019,36.2734],[-83.1103,36.2775],[-83.1095,36.2824],[-83.1215,36.2844],[-83.1211,36.2892],[-83.1273,36.2904],[-83.1343,36.2961],[-83.1517,36.3182],[-83.1486,36.323],[-83.1599,36.3329],[-83.1586,36.3395],[-83.1543,36.3423],[-83.1626,36.3453],[-83.1655,36.3422],[-83.1743,36.3389],[-83.1796,36.3398],[-83.1826,36.3362],[-83.1804,36.3234],[-83.1747,36.3175],[-83.175,36.3135],[-83.1808,36.3121],[-83.1967,36.3222],[-83.2017,36.3184],[-83.1972,36.3144],[-83.1969,36.3098],[-83.2003,36.307],[-83.21,36.3054],[-83.2156,36.2935],[-83.2318,36.2967],[-83.2376,36.2952],[-83.24,36.2915],[-83.2322,36.2882],[-83.2337,36.2818],[-83.2408,36.283],[-83.2508,36.2883],[-83.2553,36.2891]]]},"properties":{"NAME":"Hamblen","NAMELSAD":"Hamblen County","GEOID":"47063"}},
{"type":"Feature","geometry":{"type":"Polygon","coordinates":[[[-87.6582,35.6094],[-87.6549,35.5969],[-87.6485,35.59],[-87.6518,35.5838],[-87.6488,35.5799],[-87.6508,35.5761],[-87.6519,35.5661],[-87.6581,35.5601],[-87.6632,35.5581],[-87.6652,35.5532],[-87.671,35.5514],[-87.6817,35.5542],[-87.6875,35.5528],[-87.6858,35.5481],[-87.6907,35.5053],[-87.711,35.5053],[-87.712,35.4975],[-87.7159,35.4978],[-87.7176,35.4834],[-87.6987,35.48],[-87.6858,35.4728],[-87.6459,35.4728],[-87.6465,35.4421],[-87.6326,35.441],[-87.6326,35.4383],[-87.6073,35.4362],[-87.6085,35.427],[-87.6051,35.4194],[-87.6012,35.4186],[-87.5972,35.4117],[-87.5907,35.4116],[-87.5752,35.4063],[-87.5754,35.3985],[-87.5367,35.3987],[-87.5168,35.3982],[-87.5154,35.4118],[-87.5096,35.4147],[-87.4783,35.4147],[-87.4784,35.4227],[-87.4621,35.4222],[-87.4488,35.4206],[-87.4485,35.4579],[-87.3738,35.4579],[-87.3558,35.4551],[-87.3258,35.4564],[-87.327,35.4477],[-87.2945,35.4447],[-87.2937,35.4516],[-87.2898,35.4513],[-87.289,35.4594],[-87.2815,35.4587],[-87.2795,35.4694],[-87.2768,35.4701],[-87.2748,35.4834],[-87.2797,35.4839],[-87.2767,35.4922],[-87.2834,35.4969],[-87.279,35.5015],[-87.2705,35.5007],[-87.2694,35.5059],[-87.2778,35.5068],[-87.2824,35.5049],[-87.2823,35.5209],[-87.2864,35.5312],[-87.286,35.5422],[-87.2906,35.5425],[-87.2899,35.548],[-87.3177,35.5491],[-87.3149,35.5676],[-87.3219,35.5691],[-87.3274,35.5725],[-87.3384,35.5728],[-87.3385,35.5844],[-87.3523,35.5846],[-87.3544,35.5971],[-87.3542,35.6103],[-87.3529,35.6179],[-87.3454,35.6219],[-87.3416,35.6293],[-87.3318,35.6398],[-87.3334,35.642],[-87.3316,35.6563],[-87.3397,35.6568],[-87.3392,35.6591],[-87.3462,35.6597],[-87.3543,35.6557],[-87.3574,35.6595],[-87.4187,35.6249],[-87.4483,35.6197],[-87.4523,35.616],[-87.4596,35.6151],[-87.5078,35.6284],[-87.53,35.6262],[-87.5492,35.6302],[-87.5546,35.6379],[-87.5628,35.641],[-87.5688,35.6523],[-87.5834,35.6516],[-87.5869,35.6533],[-87.5949,35.6465],[-87.6041,35.6427],[-87.607,35.6362],[-87.6134,35.6331],[-87.6234,35.6328],[-87.6176,35.6271],[-87.6181,35.6194],[-87.6317,35.6205],[-87.6354,35.6144],[-87.6402,35.6147],[-87.6469,35.6099],[-87.6582,35.6094]]]},"properties":{"NAME":"Lewis","NAMELSAD":"Lewis County","GEOID":"47101"}}
]}